date,precipitation,temperature,humidity,soil_moisture,DroughtCategory
2020-01-05,3.9410032822465246,30.76625543123901,70.25215595406988,0.3791600466591562,None
2020-01-12,2.2853334280028763,28.835315462111254,59.44063869204759,0.332724888361979,D0
2020-01-19,0.3326164255297287,20.778771913922203,58.272298923417075,0.27302578307706227,D4
2020-01-26,2.006479864544878,33.62031377754679,50.55074574307258,0.2903162093129531,D1
2020-02-02,1.3739030574152244,25.780273314064736,59.940876165963545,0.20041797930035501,D2
2020-02-09,1.3377423658469023,32.164688844750124,46.46284470987416,0.37516795333365527,D1
2020-02-16,1.6000539643229779,21.186033090806795,45.89650186992646,0.2607114609017587,D1
2020-02-23,1.1548264603454323,23.779149731250108,70.15259077816633,0.3426449705553488,D1
2020-03-01,1.218434941810576,32.724514519671494,64.41882929521171,0.2548386733724234,D1
2020-03-08,2.0278377822166735,30.827871737751522,62.89668803043918,0.3932390921110823,D0
2020-03-15,3.384066430476034,20.06703186862841,68.77015167057473,0.3270622390314581,D0
2020-03-22,1.294001118454517,29.685060745834072,50.03681345097624,0.33028904053974606,D1
2020-03-29,0.3268550123055247,33.68464872743887,47.50546978398102,0.24566214534459493,D3
2020-04-05,3.0156513468837636,24.57189651049461,40.050386261548326,0.2585099651646158,D1
2020-04-12,0.7304925958533759,22.694962141543453,63.86281159936078,0.3983044280210213,D2
2020-04-19,3.638045143468764,23.89995772972592,71.40213676300687,0.3922521753467674,None
2020-04-26,1.612737488718094,27.83920100711828,57.508617348802225,0.3775854899425125,D1
2020-05-03,1.29537205101656,27.766909702317598,70.93493059236307,0.28984310604227975,D1
2020-05-10,3.3670885377484057,25.662332301130157,58.15722424646078,0.2672967204342631,D1
2020-05-17,3.2367487617605,34.51861132477264,75.00511933990886,0.23083028566068664,D2
2020-05-24,1.302601959608198,34.26326279320932,57.282020431121246,0.34740504940464784,D1
2020-05-31,1.0093465390794087,20.645346323197302,49.998201232662225,0.35988521512337096,D1
2020-06-07,1.7166859924491074,25.989482006569375,51.170542609567995,0.2903147583776998,D1
2020-06-14,3.8516100849838537,32.38642469101924,70.48426599037677,0.3416480768667897,D0
2020-06-21,1.397356029497188,30.695913540550073,56.983475922431325,0.23700805102388728,D2
2020-06-28,2.5404009968400567,26.87184272097847,41.42808505478068,0.37624178254207336,D0
2020-07-05,2.1657245805155627,26.77131683684688,70.15642752776277,0.3926173139240695,D0
2020-07-12,3.2185308446975505,25.57499133850819,78.69648452829767,0.2980425283677638,D1
2020-07-19,2.2501834898336623,28.58155536002264,62.354969595183434,0.3312591445255608,D0
2020-07-26,4.566808606709659,34.84137190824261,56.39398905512571,0.2192245809098422,D2
2020-08-02,3.0887509504109145,24.715236267991006,67.68857622221769,0.29764214076488704,D1
2020-08-09,2.514145703503645,28.261905852631678,60.671174369935045,0.3730795821905026,D0
2020-08-16,3.278265497225309,22.867962381623286,59.174917052518765,0.39019678366677246,None
2020-08-23,1.6128092435752879,34.79171096289302,57.481526841940905,0.24915903074197945,D2
2020-08-30,2.4157153448407964,28.420640791229168,56.208489051946344,0.2940748902835063,D1
2020-09-06,2.3327319353875304,28.435601488120163,53.176259746555345,0.39486257980275485,D0
2020-09-13,2.3202330003233893,27.675392720907166,72.03054978250739,0.22369846752182848,D2
2020-09-20,1.7215706115434477,30.06528175637989,48.071572733830365,0.37452129894010733,D1
2020-09-27,3.131582451251878,34.555144996892636,53.733093103028075,0.34802187682676045,D0
2020-10-04,3.4750655793716376,26.101595989479957,61.517133251481916,0.37035733488932215,None
2020-10-11,1.1289276217673443,30.033796163694262,46.64994194036219,0.38660880706567446,D1
2020-10-18,4.067621570175294,24.48865963027052,42.44608370836894,0.34447864927247496,D0
2020-10-25,2.5069099200875664,22.122479779321175,74.4543521134654,0.3033574208081386,D0
2020-11-01,4.66584719816854,31.35068573155868,60.69721344809882,0.3745362571015816,None
2020-11-08,0.15793389173865857,24.940982288999546,52.56942476936783,0.24788119464901087,D3
2020-11-15,2.6651238869647216,26.140041924256604,45.32977228584857,0.30156408630638043,D0
2020-11-22,0.2891399365114067,28.010058834225113,66.32148056983286,0.22453743088819522,D4
2020-11-29,2.5368218823141166,32.111976695138104,61.10450354612998,0.2307276002020639,D2
2020-12-06,2.141982052588762,25.51728044188432,56.213076766917496,0.3468511451125038,D0
2020-12-13,4.50930818497672,29.91759545402531,77.88294111174474,0.24647254421330483,D2
2020-12-20,3.4366697679468334,20.554597784210443,59.31791034934305,0.3062642106216888,D0
2020-12-27,2.7442378322982783,31.55827360766375,63.7298717035132,0.3802212890211708,D0
2021-01-03,3.1890564736705125,34.30975200284347,43.10719378015166,0.2805826058104085,D1
2021-01-10,2.830528875700588,32.67487324560899,55.166371766551876,0.23120818508848703,D2
2021-01-17,1.637587893922729,24.096642723675554,77.70622779290275,0.3148441744075685,D1
2021-01-24,3.3593644095734323,34.49564921148922,66.41299220255127,0.35484570728690035,None
2021-01-31,3.612025297755139,29.444020325305047,41.33972885539687,0.32610886421140334,D0
2021-02-07,4.450708961027751,33.151719878966595,60.642330568903766,0.2814797624396726,D1
2021-02-14,1.8418226802537623,33.22862691544682,74.47499460122395,0.2401070764176799,D2
2021-02-21,0.6826264416069239,24.74829829510251,61.3101808268985,0.29776770886302595,D2
2021-02-28,1.2654999666452822,22.047882650648752,76.41437700218712,0.2459720829489729,D2
2021-03-07,3.6036769402018773,29.480348043172615,72.7386695706808,0.22016183695121838,D2
2021-03-14,1.4918160672052787,21.33623074276695,69.99692451419652,0.20556542832458502,D2
2021-03-21,2.85834653092506,31.617454484441815,73.8857386722681,0.24153994231169218,D2
2021-03-28,4.310554332291824,21.103958216710314,68.43203333811536,0.33023121655743787,D0
2021-04-04,4.320139148363314,25.187381720755468,48.35652161857654,0.21236600047563658,D2
2021-04-11,2.9106196050055377,24.42412065264962,75.51359712645127,0.20343271290151335,D2
2021-04-18,2.5781995098885613,28.906328871045552,61.629547200582394,0.2909332216582074,D1
2021-04-25,4.565242102449699,21.836521284429057,67.43769995477861,0.2992287199178765,D1
2021-05-02,1.8854621865706955,31.616440067102346,63.472541115042674,0.39111598060501557,D1
2021-05-09,2.7880834869749904,20.309275435450576,62.63357523111816,0.2446150443219355,D2
2021-05-16,1.8795469164153062,29.38317456233633,48.87020476496379,0.2542221351444909,D1
2021-05-23,3.3779429868524122,30.51714892747769,67.59402361832349,0.3010789789779313,D0
2021-05-30,2.029315439643686,26.097652618376156,76.7671995782184,0.3413869780655294,D0
2021-06-06,1.6874530675172856,27.937164869611316,40.48656075850397,0.3517166772050769,D1
2021-06-13,0.9700421921785224,34.6208560782395,43.74646535439797,0.34137617106531093,D2
2021-06-20,2.30365392452528,25.816108601182837,78.38807513589714,0.38358887527972196,D0
2021-06-27,4.14734851681226,27.150085387066937,61.604742493487265,0.3636158658626569,None
2021-07-04,0.5997818025245488,30.363315370352616,55.25234812935302,0.25000580690281005,D2
2021-07-11,1.0764108665076755,30.45995012371182,74.35880949731269,0.33580097978273826,D1
2021-07-18,2.3857986278888292,28.408089148938707,52.32095417374197,0.32781517369882085,D0
2021-07-25,2.331026419516584,27.039617172738094,76.58736900249437,0.21989184246747728,D2
2021-08-01,1.4344229664103274,21.0506490623857,78.1673771999135,0.37767292775475975,D1
2021-08-08,3.9555881963050004,31.625333685088997,65.06535679211868,0.2283851818184977,D2
2021-08-15,0.8228552204132411,33.33465552773808,70.00988372111658,0.3046436240826568,D2
2021-08-22,3.6827023335559113,28.3762270014153,74.08748892418174,0.3381705465792436,D0
2021-08-29,0.4386718651060245,26.10558556169368,54.494234320046644,0.38739316857388084,D3
2021-09-05,4.496802010701608,25.45567500765653,60.841104899650645,0.28411459209024914,D1
2021-09-12,0.5043638367721065,28.332880433919797,75.17566692021815,0.37394151226047456,D2
2021-09-19,4.240816447492877,25.687519049810163,64.95255724460787,0.2101704189049516,D2
2021-09-26,4.771109958584393,25.13213197492396,74.58075361786084,0.2649392093147777,D1
2021-10-03,3.337311258327868,22.82882425204072,65.18061972526024,0.37168396142788346,None
2021-10-10,3.390284164322035,21.616328036558418,53.20658053925362,0.3173440131343902,D0
2021-10-17,1.6798632439322674,24.794632397498383,72.81202092810364,0.3944856977349262,D1
2021-10-24,0.0611875840460574,25.18764456399387,57.31412799306608,0.2087307245952057,D4
2021-10-31,2.1134961677142106,27.029816296396472,46.55479068081749,0.3253254833656337,D0
2021-11-07,4.037485368052639,20.903509432711022,46.91612615071215,0.2341219099684159,D2
2021-11-14,4.375776826748734,26.55625491741077,68.22022224564192,0.3676761562326555,None
2021-11-21,4.272981190255181,20.49181560569225,73.45324753973934,0.30459153135361894,D0
2021-11-28,0.1945417201831362,34.7884865493427,59.04055201780889,0.21377860136788582,D4
2021-12-05,4.531501270922292,24.250008437467756,67.80069218694058,0.3718114119487789,None
2021-12-12,1.8068397165939742,26.43209752394845,45.75630037533653,0.3618610499284046,D1
2021-12-19,3.263027351281242,31.654080956706625,42.75047056474823,0.25085638619244943,D1
2021-12-26,1.367073732303337,30.252575147255264,47.69074070892219,0.2770007399327029,D1
2022-01-02,1.3862266429741565,29.115896606766093,67.39527044263117,0.23218241985858268,D2
2022-01-09,2.589564148127308,23.71357846698986,62.61774853027136,0.2989401154846567,D1
2022-01-16,4.653606787592864,30.246527494637427,51.65174657488293,0.26321032650562576,D1
2022-01-23,3.07981620741359,32.07409977066938,73.58248150014822,0.3962944782528739,None
2022-01-30,0.6709853659193982,20.235115673071057,59.3407253132153,0.3440791865077434,D2
2022-02-06,4.20707060203196,31.675153227007115,65.40346428532985,0.3896048240580996,None
2022-02-13,3.9846852393302963,28.27967252522019,66.67734681541214,0.2942568171366883,D1
2022-02-20,1.1336532003375073,33.234238858055235,76.44522183043527,0.3614343746742632,D1
2022-02-27,2.3339041682440023,29.397022442360303,49.26489945421691,0.32024076081412167,D0
2022-03-06,0.7981726793842142,23.442072959812997,55.65525954614062,0.29689825096027134,D2
2022-03-13,0.7987554177232498,33.12289999184654,41.68159307821936,0.24066687435034992,D2
2022-03-20,1.6506707794372044,33.30737292043392,78.12416077914416,0.3050389524346791,D1
2022-03-27,2.6146535152085186,27.321447251349245,60.82589343371448,0.2672871893408506,D1
2022-04-03,4.560064890160076,28.079203990143526,52.7500153934424,0.37067513901711674,None
2022-04-10,3.8730539329372036,34.37603607803999,73.4798932205926,0.3282161048060972,D0
2022-04-17,3.0768742425524493,29.083238881203393,62.60445695711415,0.2890602029051879,D1
2022-04-24,3.4761078320620005,26.308555379937665,73.99967073460417,0.24518499768116828,D2
2022-05-01,4.4077309587361215,27.601653849179858,56.59304592369607,0.27049737866618906,D1
2022-05-08,0.3203447406766724,22.583923656332022,43.73396597586992,0.20702579001851337,D3
2022-05-15,2.224857175365138,32.00225531334898,72.77328313559521,0.2599785817476131,D1
2022-05-22,4.3391861406601056,32.128625057421694,74.47467430627664,0.2025858441670832,D2
2022-05-29,4.984539343523203,30.093197113454558,73.04557313016764,0.2737598723674032,D1
2022-06-05,0.6045438116687291,21.53293830754869,76.28716119464968,0.3632159460648755,D2
2022-06-12,4.16223090755699,25.045220480288798,79.29342324240429,0.23537727060827182,D2
2022-06-19,4.132190852567435,22.337347289370655,56.38963474717349,0.2917588525286655,D1
2022-06-26,4.477924165487473,31.648156667701645,51.98134145921513,0.3453746695611911,D0
2022-07-03,0.00854027990913886,28.808268392454885,73.05706156408696,0.36324892279349374,D3
2022-07-10,0.5912160248338072,25.163062532591063,49.59722225778688,0.3085346848568352,D2
2022-07-17,0.7343044096411577,25.337564643064095,41.10176405183745,0.3623716526152684,D2
2022-07-24,4.911572373032257,20.02591442200336,53.94084642049208,0.3027609696256365,D0
2022-07-31,2.3255373239513126,27.816713616801934,49.7879920166955,0.2594517746559204,D1
2022-08-07,0.4272770858025504,31.901048093227153,55.131439186546544,0.26618254304339245,D3
2022-08-14,0.532596087878881,32.16893215879772,43.33104612712614,0.3561835463363423,D2
2022-08-21,4.647714005452589,20.214687439983702,73.13290234239588,0.32188649507505696,D0
2022-08-28,2.0070440241728593,22.13256608195668,42.03096828784308,0.23607390745114698,D2
2022-09-04,2.794410523757833,26.358260783784218,58.6813820115748,0.22367240414717166,D2
2022-09-11,4.4820414149416115,30.985064841425782,70.93111827049526,0.3656878714970794,None
2022-09-18,1.2414824446594175,33.807268449597316,55.969928245927235,0.34659773682420203,D1
2022-09-25,0.8361870827454049,25.27214502370014,43.54210533190689,0.259690337384228,D2
2022-10-02,3.5989249831146757,30.34431718921717,55.69338446306968,0.37708364270427375,None
2022-10-09,2.791436178395046,33.43054225629183,41.92254855306517,0.2652857978965193,D1
2022-10-16,4.396567643476112,34.67746604510742,40.273992143564655,0.36765534954727974,None
2022-10-23,3.0315739776590886,33.7146416659299,54.112452116303956,0.34168264481204164,D0
2022-10-30,0.8660810327652219,28.75257969442071,78.48089218772384,0.33602543679815844,D2
2022-11-06,4.796988505695921,26.56763050468236,41.810661893319065,0.20699486103882708,D2
2022-11-13,3.6729183180106393,30.222107690392644,69.80474949873047,0.39004494284847796,None
2022-11-20,4.8886550545112755,22.258008019074442,53.59583195432222,0.2721287210212677,D1
2022-11-27,1.6031886753333235,22.60763560650035,76.88967159603794,0.39336131269421404,D1
2022-12-04,0.5294208697814246,31.240994161982066,40.98290035765135,0.27390630672417715,D2
2022-12-11,1.9714264208566106,34.72145308076236,72.23746531441981,0.3823609824173855,D1
2022-12-18,2.5781594913846746,30.460678583339032,56.77942230573316,0.28297850605635916,D1
2022-12-25,3.1045014186782254,30.09631666105101,65.53237157658518,0.25481316190073,D1
2023-01-01,1.0392028279241294,32.821815010643185,43.05012738571821,0.2561376569956211,D1
2023-01-08,2.2598954257045123,29.441925829615847,71.00198176734446,0.3296195424218735,D0
2023-01-15,3.3317018158046414,32.16360497686559,45.89843360123562,0.3091128868510934,D0
2023-01-22,1.1181462605807657,25.21621515751019,60.38413535112316,0.27846569753903644,D1
2023-01-29,0.5406961074450045,26.958222686989636,46.66336226671918,0.37418730694096475,D2
2023-02-05,1.30243809786545,26.535077372054747,62.023184409782026,0.35757533739426195,D1
2023-02-12,4.484063417958274,26.848767904886902,54.92838368133476,0.3531606496001306,None
2023-02-19,0.5121336693284639,22.994648226861216,64.89336685356926,0.279354647610027,D2
2023-02-26,2.1518394164196386,29.63829541802726,45.82229469048406,0.3554557505005219,D0
2023-03-05,0.35872921583492756,29.588592771949692,64.36648959059683,0.3037825573958478,D4
2023-03-12,3.297531902984187,30.80327877922678,72.33259258233231,0.29773862633733506,D1
2023-03-19,4.069008974583101,21.037413166946067,59.38563225495258,0.23217217432371356,D2
2023-03-26,1.6258312435834599,30.076257957555413,69.8179538117503,0.3894255101016784,D1
2023-04-02,4.601784094909728,28.439573649416694,40.53137914468584,0.31558855433028205,D0
2023-04-09,0.7376132979630357,29.85552291004023,48.977790144728225,0.25343090296550097,D2
2023-04-16,4.403646548812519,24.440573921943887,67.30971957708938,0.22856370854517932,D2
2023-04-23,4.771294831632914,29.33938384793472,54.39089733216494,0.20716995828733328,D2
2023-04-30,1.9403667502332345,21.96472758704341,50.71873881737344,0.23858544149630656,D2
2023-05-07,0.4063569063377864,22.299829013484977,51.48065361035705,0.35466562627120907,D4
2023-05-14,4.4219615020234615,26.083252093160212,46.64987978140609,0.23069117902840744,D2
2023-05-21,2.6300766282132884,32.86522685562588,60.078335024376685,0.34872976000549377,D0
2023-05-28,0.03027527633945537,26.254581526290174,64.30617276719944,0.24735919635830633,D4
2023-06-04,1.658513162658502,24.08724287462593,57.97029526692214,0.26732748221386293,D1
2023-06-11,4.255081558991207,22.781048279847965,73.80670214391176,0.38297924923581006,None
2023-06-18,3.418551447639805,22.745731738589576,68.14732481487987,0.23867342589623766,D2
2023-06-25,0.39071677797947457,28.125323825298057,59.6825471062504,0.36595035992342956,D4
2023-07-02,3.202647446786684,33.07388744472972,71.95843567182715,0.33761090422748596,D0
2023-07-09,1.1623564357980476,24.83950729502665,74.39479615016494,0.24994022473377092,D2
2023-07-16,1.6498186970146338,26.21346619955351,77.84823021509996,0.32062858684402296,D1
2023-07-23,4.3750083199580025,32.72243795704565,49.678601299222876,0.24998474463730092,D2
2023-07-30,2.972599494299684,25.34884682090014,51.90952846413769,0.2951736115554434,D1
2023-08-06,0.40406211145491533,22.137008046456433,78.47389361698629,0.2801811115632304,D3
2023-08-13,1.4992771292886427,26.307778645389295,52.42917329160104,0.3442457407511408,D1
2023-08-20,4.20037453032317,21.379802460864365,55.17871878616165,0.21844043668025379,D2
2023-08-27,3.9453040511698885,33.61279775615087,60.390429877491016,0.32629058959595536,D0
2023-09-03,3.9725041918744313,25.5856630129306,45.9271601498116,0.2888811131604591,D1
2023-09-10,4.719546154123114,21.605481982708906,48.21352684026649,0.3476534099633486,D0
2023-09-17,0.8826210559873665,26.417960782452965,77.25441612095517,0.39903530200327486,D2
2023-09-24,4.513071269519549,34.22528971676991,73.21449194304677,0.2453416682694693,D2
2023-10-01,2.422246118595524,21.472928316229243,62.40947824401134,0.3611013993265624,D0
2023-10-08,2.611896528318758,30.377522240168123,47.976527577078215,0.3657897086710281,D0
2023-10-15,3.2508841386273795,29.3916621070067,42.85162660218779,0.39865858578307967,None
2023-10-22,4.341799599918472,26.98779117487866,41.35487749256845,0.27685450858190863,D1
2023-10-29,0.5415561651095663,29.134177431552594,52.10699770724556,0.2460683401834913,D2
2023-11-05,3.49073542601745,24.23277177787214,40.48807178884944,0.29726190285473053,D1
2023-11-12,4.2830427963636115,21.62165506159768,74.75956526213844,0.3896100090367733,None
2023-11-19,2.2625498337560623,30.726306285286206,52.30078885334361,0.2533113179770605,D1
2023-11-26,4.800637051211442,28.22977057897976,53.680733592123474,0.2845193128519663,D1
2023-12-03,0.634702163468539,29.322200749500013,59.88901330922924,0.356702159705241,D2
2023-12-10,2.4545389164367415,28.21218352045132,41.826514596616676,0.2094081890650906,D2
2023-12-17,3.6017706772437426,33.848955232549955,40.648713399698565,0.23269050334859057,D2
2023-12-24,1.3051437470999487,28.168135685369666,73.88348198699222,0.3305515441067608,D1
2023-12-31,4.590260726499246,31.965713501553182,45.66529146727282,0.2299185427722541,D2
2024-01-07,2.584294558599848,20.067350504472195,66.58465823786197,0.23669583527109228,D2
2024-01-14,4.309964510695221,22.972093630669253,70.50616790774345,0.36950730181698943,None
2024-01-21,3.9363678658175685,29.812389361163607,55.17604849515558,0.3457666306919365,D0
2024-01-28,4.167903460523746,32.30865789743244,51.33390616458382,0.2609886862792504,D1
2024-02-04,0.873110050263704,23.850238445716244,78.35462650367154,0.3031164330951909,D2
2024-02-11,1.9303678825479031,22.870002061217516,65.52391625000114,0.3430081417170231,D1
2024-02-18,4.7504330431906485,28.151017942528185,71.3807003065602,0.21725474745043316,D2
2024-02-25,4.795835968363004,23.09529870222675,73.16880755168768,0.35957287051649833,None
2024-03-03,3.2207646223978665,20.797284113573127,72.85523515332352,0.2934927126978637,D1
2024-03-10,3.5442085699499253,21.853804304937622,71.63662788206018,0.2784648913206424,D1
2024-03-17,3.903918128025457,22.693858164612678,56.818141624648305,0.38147936679169303,None
2024-03-24,1.0288596250831388,20.345900274711592,47.03076450554358,0.3320891455130437,D1
2024-03-31,1.7969465965263975,28.221849653033736,72.8353339076279,0.3071569654140477,D1
2024-04-07,2.168624931186508,21.693754260645655,55.40683577917726,0.23029767287144268,D2
2024-04-14,2.56518885907011,32.88790074511924,51.9948843340817,0.3970705039864843,D0
2024-04-21,1.5236246801312952,28.33208572238595,53.217511937438225,0.3414960430134161,D1
2024-04-28,2.4122510255069622,26.32801654038468,76.07462665783645,0.28168763860858076,D1
2024-05-05,4.7889929075935775,25.251735191458412,42.74806194244365,0.2660099534690524,D1
2024-05-12,2.2511101634030863,27.702797186306114,56.26270187315436,0.21016955158415176,D2
2024-05-19,4.582199729400543,28.678451695278866,76.00475583818061,0.3084388020205868,D0
2024-05-26,3.548166697585957,25.541047478442263,45.53342874404819,0.32421273478241763,D0
2024-06-02,3.2553329956432946,34.30818737243055,55.89844874220399,0.25426166579262793,D1
2024-06-09,0.2628084408529402,31.171565133110818,62.91993628821953,0.331075126990251,D4
2024-06-16,4.899927967654253,23.87641154156878,62.02425354357178,0.37479795565935176,None
2024-06-23,2.8548507013472975,33.014066492751766,73.25337298503382,0.22432455937865786,D2
2024-06-30,4.570154788505303,33.865442485220655,51.90598378894281,0.312894440507073,D0
2024-07-07,0.3506231689769085,33.62160893796998,76.09680268872884,0.22204082593884358,D4
2024-07-14,0.7582182256616438,26.13456756041247,49.85793046609454,0.37162766193116037,D2
2024-07-21,0.4155136736860554,21.346719736593318,64.86502351321002,0.2922543261642505,D3
2024-07-28,1.6039495251300635,26.698980608209027,64.71122192254691,0.27992975933034986,D1
2024-08-04,2.993046898186942,34.330181126678404,75.613671913603,0.22446530758018937,D2
2024-08-11,2.741729438899135,26.151956046130294,43.65029742947328,0.35355590581265395,D0
2024-08-18,3.728778555178617,32.64876349306941,70.39914417898498,0.2732020790020727,D1
2024-08-25,0.7366323671036157,23.849365587528123,50.75559674007804,0.20655298765976213,D2
2024-09-01,3.0172919000559983,28.487790712585436,68.37146809234113,0.25194844511641423,D1
2024-09-08,4.996452128675987,33.39883753710763,61.092170941971574,0.21028061263149145,D2
2024-09-15,4.959383945003425,20.940743331360576,63.452348802986656,0.2367099253843884,D2
2024-09-22,2.060193445253662,20.744992526039265,51.777568739939895,0.3085875889432289,D0
2024-09-29,2.5671270289601997,28.112292697251213,74.45876823294225,0.26308855962362865,D1
2024-10-06,1.7359905851793873,30.390172490172503,67.08452524920034,0.30644391665640675,D1
2024-10-13,1.642650854166764,25.210666912460326,57.544732179632106,0.3201865599461578,D1
2024-10-20,1.0368201624055744,25.107514896937033,52.65272450751875,0.20123640191999048,D2
2024-10-27,3.0689962897656926,25.269438120922903,51.58800866111271,0.36544468713173495,None
2024-11-03,0.3051875363392964,27.837478984488087,48.357209378017544,0.3678697475226481,D4
2024-11-10,2.337468525417804,30.290116359312215,70.4376036439129,0.3934922527810886,D0
2024-11-17,3.470825587069401,22.82675844857987,65.58215129336843,0.27933945960477946,D1
2024-11-24,2.417442496456921,30.287671352786333,71.07938604920128,0.35806348761142076,D0
2024-12-01,2.41539903235026,25.471289807247626,61.682949297885855,0.3900571193676036,D0
2024-12-08,0.5119739132416429,31.39677138135516,57.63652528965613,0.28718813123837694,D2
2024-12-15,1.8024829863742036,29.197290519831753,43.3367322989927,0.3339839263399942,D1
2024-12-22,2.8401486768686164,31.519225101911154,47.17090604242911,0.31198928593065833,D0
2024-12-29,1.756491800326665,20.739231496411268,48.57642407958991,0.26678878725191046,D1
2025-01-05,1.5227293109086055,32.67707151649539,42.60817705161657,0.3627382617707052,D1
2025-01-12,0.1747345318515925,23.741522509195054,47.85005550557828,0.31947286417746795,D3
2025-01-19,4.377354963532481,25.35941706019748,73.09627778538461,0.2657893025575566,D1
2025-01-26,1.912962994554921,29.83833267511982,45.74181890190327,0.28314994049021813,D1
2025-02-02,2.859346425398331,30.487207516032,77.51670871013192,0.31123325253864464,D0
2025-02-09,3.1396673270541378,27.19954089824018,75.68476737983241,0.2884342098934208,D1
2025-02-16,4.268016844860834,27.900661991992187,45.890822999602825,0.23415224090741182,D2
2025-02-23,3.2790835622858756,30.868938087824915,74.53160295177496,0.31912181567856857,D0
2025-03-02,1.0245999418732294,22.482435665011018,70.2433533614306,0.3666271859200499,D1
2025-03-09,3.9261607903321454,28.745924072378806,42.71600690922535,0.38730987644414394,None
2025-03-16,4.686615849041102,23.558651890782716,45.0771948537185,0.3819605738438987,None
2025-03-23,4.325558697813846,21.186582975053064,70.41247113890284,0.22365400950114,D2
2025-03-30,4.3315649884271465,30.32596975651838,50.13427425582857,0.3785706953682096,None
2025-04-06,4.6222487956329665,32.89878204689016,51.797383910733664,0.390197741666965,None
2025-04-13,4.225276479607906,31.43792156925261,79.36211541514673,0.20741434471383713,D2
2025-04-20,0.12112603509804754,27.48287516735229,72.39259585301883,0.3434214304591985,D4
2025-04-27,0.7439339226942843,33.02857020505225,46.00524462540621,0.20097612433817702,D2
2025-05-04,1.0501578689068258,27.74525097439927,58.652833928540076,0.3912745313087254,D1
2025-05-11,2.5582076497831325,23.16270759814953,48.34790018114023,0.26177660808618486,D1
2025-05-18,3.668607377208618,20.575139671656284,76.15268852208185,0.3678691683253885,None
2025-05-25,3.912068927823757,28.766356047187664,62.14182347747492,0.3679418319586237,None
2025-06-01,0.9822571254107998,34.95816753977664,74.89885997858876,0.2813700523605861,D2
2025-06-08,0.3360552351607021,29.02667640736601,46.075631351627365,0.2496526370208467,D3
2025-06-15,2.313059292011166,24.98882193792972,51.51917710091051,0.38911732654056086,D0
2025-06-22,2.140714131471597,34.44598204142075,54.18689960990284,0.26952790957417366,D1
2025-06-29,0.24414860238748337,20.79703572976217,41.09197778257517,0.35374502890539145,D4
2025-07-06,1.3195521957533125,21.732463679324717,60.03384454231854,0.3165452500763637,D1
2025-07-13,1.7000744198694828,22.954925122612064,56.00063465041808,0.3322328972226246,D1
2025-07-20,1.5358663506098347,27.81175913338812,73.24988825549843,0.29548377695923544,D1
2025-07-27,0.35766554724240507,26.56905494847065,64.43339712585575,0.2234765937479124,D4
2025-08-03,4.159157571927626,27.948894860483787,53.12688000178504,0.23669745329891884,D2
2025-08-10,0.8915966596385272,25.82212294485049,48.32153214437252,0.24484824780609724,D2
2025-08-17,0.9113252859537291,32.51719003361269,56.94419434721078,0.3698580954039991,D2
2025-08-24,4.982629940538653,21.130763170162425,48.10235027231202,0.3344280335385611,D0
2025-08-31,4.36622584218623,31.089358643593144,50.032288676952724,0.33985692420684543,D0
2025-09-07,3.225091997417734,34.096963788707114,59.46494976160069,0.3820327198425167,None
2025-09-14,2.3550910510841963,21.96632002325551,52.79597329153485,0.26555234309927434,D1
2025-09-21,3.5595426777700236,27.75722247833494,43.49229728556095,0.2589631903299681,D1
2025-09-28,1.559483003326429,33.62297980035345,64.05724531561708,0.3286705141279831,D1
2025-10-05,3.532014057662229,25.038960689613994,55.47481938587696,0.25552435664616757,D1
2025-10-12,1.1496980704335036,23.566206757751903,78.92081495619698,0.3615010157776166,D1
2025-10-19,1.1343231371091322,24.693839438000076,56.71866903148752,0.24304979816811328,D2
2025-10-26,4.685169623427126,23.000270803619888,43.38334698623242,0.27894369823870485,D1
2025-11-02,1.8106113885152098,24.75827105140647,60.79472995999226,0.3444415122201059,D1
2025-11-09,4.940950849768996,26.59529732540262,73.51027099391584,0.35729473625483177,None
2025-11-16,1.8768566507153583,23.00911478053151,40.88067783117181,0.2794295153832762,D1
2025-11-23,3.1840154369285676,29.578108763684284,64.88244681717912,0.2188345772187253,D2
2025-11-30,3.117519361581938,20.6964457205773,67.14894492501578,0.2590437386543608,D1
2025-12-07,3.608941613467122,26.510834249624764,75.57006618937412,0.3871943510693508,None
2025-12-14,3.3825092315963086,26.73626536798536,51.50837546138295,0.34085288759398724,D0
2025-12-21,3.4192508469192195,23.316082466121486,45.66759999726912,0.20885720450273015,D2
2025-12-28,4.666408503705926,21.038252168520856,67.63344924875875,0.2692098613691547,D1
2026-01-04,1.8834925238363858,28.862907794259684,58.34677269460433,0.260713701732901,D1
2026-01-11,0.014126875608505562,31.383900669302975,73.4759759916295,0.20758256891033805,D4
2026-01-18,0.4399938334124065,22.619089426364457,63.58073317840036,0.3363443986056244,D3
2026-01-25,1.6136082929127404,29.621092281270954,72.73324508247957,0.20689515703027023,D2
2026-02-01,3.8012457044173957,21.412561862199368,48.379848279568634,0.3780852062111469,None
2026-02-08,3.082405419166017,24.416442939371997,74.70134874787246,0.37356482462080737,None
2026-02-15,1.2718874134775886,32.37081959896683,69.71345706783188,0.26880880878944097,D1
2026-02-22,2.3227651408910575,31.00644508870287,48.26518454950444,0.21317363870223874,D2
2026-03-01,2.526657969381309,33.596877503704,60.57497100731504,0.2635319499478074,D1
2026-03-08,0.4780220419320791,31.35173612854575,57.561702491392296,0.3051479001442785,D4
2026-03-15,0.865928876918371,29.200834962106008,61.9001328905592,0.3224760540647908,D2
2026-03-22,3.7069019918007253,28.176355310544707,67.92071156501314,0.31964401256140706,D0
2026-03-29,1.4045510159062669,25.13362300726753,44.76631642872741,0.3205502979888301,D1
2026-04-05,3.285427820371826,32.24154811727374,78.21491346511104,0.2593718288511269,D1
2026-04-12,4.095681649994268,26.986615316473678,44.3603875294072,0.27273452789322045,D1
2026-04-19,4.782015142738592,25.15635648055079,50.923426071342405,0.24938310163274108,D2
2026-04-26,2.2487157894517544,26.842569076547537,51.68142314510213,0.3543494098169115,D0
2026-05-03,1.1120649353507002,21.46951003888502,40.94566074288535,0.2633724095854544,D1
2026-05-10,0.8178361226232628,31.264945740979925,50.064781298059096,0.33394173886894674,D2
2026-05-17,3.217733030217978,23.59621423123016,48.200255955523524,0.21753974642284785,D2
2026-05-24,3.6958839325725097,31.365636166480908,76.83357129461442,0.32776124330690615,D0
2026-05-31,3.2456382674021174,22.94296458246189,65.03295108605676,0.32330102350652584,D0
2026-06-07,0.24470074874187064,32.732278089346025,61.123393106253424,0.3630041461535441,D3
2026-06-14,4.2105254880162875,26.180983862632534,70.86294557743102,0.2664013055822235,D1
2026-06-21,2.819167137695286,28.587208899685063,77.32105483805171,0.295215767321138,D1
2026-06-28,0.8955012777755983,21.12007230272404,59.29014324558144,0.2011450257536811,D2
2026-07-05,4.274339850675463,27.482758884524976,42.70524539464235,0.28586239769088473,D1
2026-07-12,1.7337354760478858,34.4723074502738,78.97895127656138,0.2343457682699027,D2
2026-07-19,0.22862131938264807,23.940968048046436,56.006120726208,0.2849345379751599,D3
2026-07-26,1.4949669885346935,30.13386200037467,71.61566810288338,0.31268248197876863,D1
2026-08-02,0.7856004027724478,34.20351405478503,51.64593104180184,0.3658950069568687,D2
2026-08-09,4.2170430966130485,32.54118446624774,50.384080925113985,0.2759575954773531,D1
2026-08-16,3.671400817140306,30.649640321518007,40.631736966582,0.3821194031477653,None
2026-08-23,2.1250264182141505,31.901634201834987,65.82701464697327,0.319153956645924,D0
2026-08-30,2.379467837644387,27.85380861514387,62.88336173980437,0.30513789737514446,D0
2026-09-06,2.726162777695005,26.784966605255008,63.13084032306907,0.23416571793111213,D2
2026-09-13,2.8591444383229154,34.67765310790129,76.09625160832701,0.3226649761533967,D0
2026-09-20,4.7535371458316495,22.245918270762406,40.91820801273833,0.3641339841291474,None
2026-09-27,0.7726707862964033,27.10000214076687,75.03386622981535,0.28027183145250895,D2
2026-10-04,1.5940076664312242,28.035270935768025,52.660278578717325,0.34194380494006993,D1
2026-10-11,3.5682479598214534,29.634480431480668,71.35603144005955,0.2877130319439561,D1
2026-10-18,3.692154242740373,26.938010711220393,61.96465625585247,0.26592482382212784,D1
2026-10-25,0.12631648681454943,29.492175614294574,62.698200819327155,0.26734232615293785,D4
2026-11-01,3.435371962035143,29.936074759623693,49.38224917336282,0.37802816960726204,None
2026-11-08,4.772707814240104,28.99516347604002,74.65866485967729,0.27433448744735167,D1
2026-11-15,0.286281400701453,25.288609599541317,73.74422421039932,0.27491796608313257,D3
2026-11-22,3.239539627089752,26.606823425908345,71.69755354410688,0.3248461995017127,D0
2026-11-29,2.5597236457047323,22.481076540321457,51.99631122275157,0.3671792502772997,D0
2026-12-06,1.2528451000826113,22.387523337672178,54.59140816387575,0.2023804643135899,D2
2026-12-13,1.293179752830298,21.598209623272982,63.5696101741585,0.2764949483541191,D1
2026-12-20,4.840987553580208,31.397503977038944,51.270397815001516,0.21061205493385615,D2
2026-12-27,4.739880403203162,31.5477279438664,49.390582708989506,0.23109099524801244,D2
2027-01-03,4.290664187061254,31.13212939913771,42.050728656953076,0.3444628822679733,D0
2027-01-10,0.5492141568274478,34.0111829946969,57.00003946943448,0.3520788594143957,D2
2027-01-17,4.202431505483195,29.019125049523357,43.32861774512423,0.25703870017742636,D1
2027-01-24,0.028382567403886227,29.324548121960923,47.103479037587654,0.3470497358363259,D3
2027-01-31,2.49986770278297,29.50758838317111,71.46243094555345,0.22134606852793248,D2
2027-02-07,4.650860137116841,22.0303550117989,48.427425519196184,0.32899287190854165,D0
2027-02-14,1.4581743831368155,30.97255820823571,69.2930426165697,0.30187640262198134,D1
2027-02-21,2.017455960218488,21.355827049501933,46.831308624767914,0.2888237017674038,D1
2027-02-28,4.760887182964575,31.74769880596171,79.90478557890269,0.2416493484969218,D2
2027-03-07,1.0941509157796752,30.90462754351753,69.1696187530674,0.28226773342179096,D1
2027-03-14,2.422079327645471,22.917595439447897,57.14510603932572,0.3778442581175632,D0
2027-03-21,1.0383281948516347,28.53279419721041,56.475203416750446,0.24679686378295282,D2
2027-03-28,1.1394495263236626,30.321674486045946,72.35566711953676,0.32887759964281926,D1
2027-04-04,1.0500193350958897,34.080125314934,56.24068055487935,0.35551381531759846,D1
2027-04-11,2.6868453910167895,24.561075649570164,58.23952703613513,0.38485347279549603,D0
2027-04-18,1.092346126221209,21.356007447146844,46.6682651234754,0.299422584568922,D1
2027-04-25,4.637241308302909,25.471687346644398,78.69307083657324,0.38554534567654425,None
2027-05-02,2.119341636232703,33.436083705033994,74.85085990710813,0.3942435544336787,D0
2027-05-09,1.2320566534364747,27.804826634368318,53.93035246424465,0.26106539679665514,D1
2027-05-16,1.8778770449578475,27.172995256634294,42.6545229302917,0.2016074760693339,D2
2027-05-23,2.988563715767101,30.096501355580315,48.19229495111642,0.32398285799763116,D0
2027-05-30,1.9548167059443866,29.31980958483401,64.89405415848992,0.360778185968265,D1
2027-06-06,1.4946338922360929,25.73585965885451,44.56148546091998,0.23132948979035828,D2
2027-06-13,1.5502248349604302,28.566616430988745,73.41933712052096,0.3959961545281204,D1
2027-06-20,0.6783180729259125,26.203668097309475,42.94263284347507,0.36288105088538,D2
2027-06-27,2.4370413646042905,23.363153842343753,54.09851164806672,0.35490138238195396,D0
2027-07-04,3.0158155249612104,24.236532884977166,60.400075039915954,0.32879970494408783,D0
2027-07-11,0.8069209266323607,26.974103149465577,69.91854653823017,0.3086610071173942,D2
2027-07-18,1.9301243890808744,27.011227470339467,67.12435586501402,0.3615224541741316,D1
2027-07-25,1.595050289974822,22.624469377374226,79.88020876791569,0.2856856341073903,D1
2027-08-01,3.9026830960725833,34.36285862270893,74.99424039237482,0.2638843112477674,D1
2027-08-08,4.672045518401641,20.885756281899436,73.62035235351563,0.31952586584053944,D0
2027-08-15,0.3481752011708217,20.1566556644,45.58954103473313,0.34729032656614417,D3
2027-08-22,3.8921665139570654,33.47599835766244,62.95493819780556,0.31696463051436835,D0
2027-08-29,4.143150776489706,32.28600245609921,71.97779115853741,0.37777650330304763,None
2027-09-05,1.4824865083824106,25.075021968686542,58.02715228296783,0.29920427441485287,D1
2027-09-12,2.945011332901454,30.973579010455254,48.85985982987252,0.3387063045003009,D0
2027-09-19,4.015298878226526,21.40608838955581,40.04069974958466,0.24454885667260642,D2
2027-09-26,4.297101159534453,25.222874090106757,50.06698346045313,0.2632516733107112,D1
2027-10-03,0.860985821998862,31.64923432097205,61.841794767688654,0.2823211307470355,D2
2027-10-10,3.5937167230730855,34.02426133547872,51.18292653233066,0.3723886490459864,None
2027-10-17,0.7897711847376476,27.70995829069405,65.90522966499472,0.31889301301910605,D2
2027-10-24,3.3537327606625658,23.74549795495557,79.61490660124304,0.3453291691344763,D0
2027-10-31,0.7302668683962482,25.332929067116293,55.40228041602769,0.336313561059849,D2
2027-11-07,0.21261298571790155,26.721068227570164,75.8439560618259,0.3148615462150204,D4
2027-11-14,1.0378273749539768,28.39509083640682,78.55962931654575,0.2564845488508457,D1
2027-11-21,1.2652690247556098,28.20943021883088,62.31819398968191,0.24314923933279253,D2
2027-11-28,1.5721614565163593,29.285228909650534,53.534215861040195,0.3022908216605389,D1
2027-12-05,1.7656094312047943,23.800646573159526,51.94792938786121,0.30477129115187485,D1
2027-12-12,3.8627065098771713,21.210951842550664,64.9064301250944,0.34494746354308425,D0
2027-12-19,0.2724133489103697,21.09897477359327,63.684525233951796,0.3536785739903493,D3
2027-12-26,2.180436934583825,20.558803551128207,61.81825100326594,0.3690974981687431,D0
2028-01-02,1.3442853829899326,34.86747927717545,49.53228326897687,0.28396483099259184,D1
2028-01-09,0.6140000390391331,33.06189114957944,46.27969924492775,0.2674324127548191,D2
2028-01-16,4.472391124275185,28.531338022850157,72.77756531435949,0.2521082728428729,D1
2028-01-23,4.508732110171935,29.675400664161913,68.01650657128242,0.35744700526483586,None
2028-01-30,4.2216178478658986,30.154355338666953,40.24336936208803,0.38103229691886165,None
2028-02-06,4.244469940905212,27.61513780926618,49.89808462928408,0.24900750185324935,D2
2028-02-13,0.40736557041597843,30.841714648272426,79.4322380654314,0.2451080274615935,D3
2028-02-20,2.167042014421314,22.169819091393716,64.29114335246597,0.27272653339455594,D1
2028-02-27,0.6803802960040428,33.83562081486575,53.30734554455087,0.3638300560769266,D2
2028-03-05,1.8740716524702332,23.47925243468945,45.07141552611206,0.3642666416812034,D1
2028-03-12,0.9140650481142448,34.76983751359727,75.2152533216997,0.3419308680229821,D2
2028-03-19,2.6793067316128734,21.720643517610878,47.071723258192804,0.3945622039156216,D0
2028-03-26,3.665992476049436,30.3954703091176,78.8496086269079,0.24277913281783162,D2
2028-04-02,3.9760902329694368,27.511477143568555,42.83467585220403,0.272595318229859,D1
2028-04-09,2.0836895295715365,24.551181643253294,60.51821966078314,0.34925956747368336,D0
2028-04-16,3.682562125211828,23.39064949695894,70.34787844953323,0.22316771643042985,D2
2028-04-23,4.019039453244418,28.648914099241537,44.460701640905384,0.300552936556501,D0
2028-04-30,4.591815682420622,25.94118123677189,72.3786646686744,0.345302079001242,D0
2028-05-07,1.201957674495172,23.46224519125968,46.63881021369928,0.24539174896539107,D2
2028-05-14,4.964808286728253,34.361933977076816,66.91213024914472,0.3042016920445433,D0
2028-05-21,1.24488757056874,32.65729954145861,68.35467949699279,0.29532318050987555,D1
2028-05-28,4.9521886715844134,33.26308357201036,40.03616483809247,0.3903027377589201,None
2028-06-04,1.133929369917831,22.67894593881696,51.354890362810714,0.3095707610697731,D1
2028-06-11,2.551436459000324,20.318346209820362,45.12054183991707,0.3024819352775258,D0
2028-06-18,1.573843246192201,21.26290617807692,44.36879504620077,0.2775163878691372,D1
2028-06-25,1.4146668588370714,27.284765691054382,57.155162752999416,0.3554858004163375,D1
2028-07-02,2.705842362947914,24.938823601122273,70.37353050680466,0.23473340071330212,D2
2028-07-09,3.2332703086622274,30.94647776229959,79.14896531481801,0.21266375619212252,D2
2028-07-16,2.546099274224807,23.65281105180913,56.1074643671686,0.2938845730264674,D1
2028-07-23,0.5016466444251105,21.474251657816986,62.1880132177517,0.24265551961288623,D2
2028-07-30,1.6500843303793284,32.468607771470964,73.85268094905963,0.37327224870405884,D1
2028-08-06,0.1268779198407749,34.09004833804903,40.24584057159948,0.2789075898783417,D4
2028-08-13,1.9847375633822488,22.662559769570777,53.52026401666076,0.2071303886540705,D2
2028-08-20,1.0841812559635393,33.54135201220588,48.87123357752885,0.3965843907473807,D1
2028-08-27,2.5037876134074533,22.50838184256659,69.06808503281424,0.3842525158268037,D0
2028-09-03,2.3944194032488624,24.116429475937657,50.730006184853686,0.2084962863171404,D2
2028-09-10,3.7992903413773456,28.053595493704044,43.53531965519676,0.2972405171256845,D1
2028-09-17,1.2615936877964744,31.680432459448337,67.98590967165626,0.3129739757264999,D1
2028-09-24,1.6613895925190925,22.864830655664022,42.722139295732966,0.2596578173797266,D1
2028-10-01,3.351298796300049,31.32904783727554,70.03597560740107,0.21288591784665667,D2
2028-10-08,3.8181644248124,32.79935913109237,65.77161336591416,0.23467309176548212,D2
2028-10-15,2.569074973619687,32.09896233201122,40.874162811479174,0.3786654542955848,D0
2028-10-22,3.5448334457576927,30.384531407966783,58.65993214355328,0.3485066375211112,D0
2028-10-29,0.38469923213614643,29.79890170200782,72.24516760050243,0.3927534289133709,D3
2028-11-05,4.117361770759176,30.216446229406582,77.39602864445615,0.37156386332301355,None
2028-11-12,4.4306441051151495,34.4786803172678,46.99422800464174,0.21452203982312362,D2
2028-11-19,2.358814733083471,30.162576999746662,44.493155015394315,0.3770286586485967,D0
2028-11-26,2.9546938207997107,33.45211816037001,40.91381784776714,0.23315893408862784,D2
2028-12-03,3.0797658708876954,23.798337799052025,54.56851312090471,0.22798378463713612,D2
2028-12-10,4.435498341431129,29.572459696875214,52.79380896945764,0.31086611375016165,D0
2028-12-17,1.5571181173923987,32.487631346115045,68.20826032826703,0.2776575700716938,D1
2028-12-24,2.646796845954884,23.88147269284945,77.66816053889436,0.2893419564756712,D1
2028-12-31,1.847648451309053,20.627383942503567,67.56177564928069,0.38430850427719926,D1
2029-01-07,1.8501744234066386,23.543537117719502,66.40010543470156,0.37674156751511956,D1
2029-01-14,1.9471475576713093,25.799329122050924,45.41242827709493,0.30194836689071236,D1
2029-01-21,0.7543928682147283,33.16246710521223,44.90087471037357,0.23372413399684028,D2
2029-01-28,0.8645124988388431,27.951921313402448,59.292159203890584,0.33159973470983695,D2
2029-02-04,2.5570601598494846,22.388425086928308,63.6947932843692,0.30869150078360336,D0
2029-02-11,3.2593026806507233,32.376947467520665,56.19650337016031,0.24233395708135533,D2
2029-02-18,3.8076267052083845,27.887966349827558,56.24205217869214,0.32243644359751167,D0
2029-02-25,3.582149193975691,26.566883520616372,76.55989050970214,0.2912679781393569,D1
2029-03-04,1.8299353788187933,32.1244930242721,44.49615116990371,0.35907022900264923,D1
2029-03-11,4.802191179405632,23.533485425067596,74.71688065557575,0.36813053265816764,None
2029-03-18,1.5151652168010088,32.178522650567814,51.13312909071209,0.3260133621572623,D1
2029-03-25,0.7843739312993592,20.29083761173037,60.9102125099289,0.34298894330887303,D2
2029-04-01,1.2413796880573953,34.5158172417074,57.4221297902313,0.2293421237748966,D2
2029-04-08,0.7282348664048,28.308700677131476,76.89691872028689,0.35586826315976516,D2
2029-04-15,4.321335821020359,34.24503393917213,60.773650743030665,0.33280045374082157,D0
2029-04-22,3.183475131097484,26.111630828740953,78.60699889647032,0.37785711562841334,None
2029-04-29,3.9475429471435506,31.293698706750114,43.92320483739761,0.25399839358036974,D1
2029-05-06,3.20638917508653,30.861274189018005,73.56338154746778,0.38706236053032667,None
2029-05-13,2.9568681589911683,33.84928924845755,50.08426517148891,0.35498148872899055,D0
2029-05-20,1.5150199308425827,23.656794586009223,57.94602611362575,0.2915793993982388,D1
2029-05-27,2.4949189100777627,23.267165168653328,61.88240429529212,0.36559567902332807,D0
2029-06-03,0.4668746433690657,32.285440494891944,58.196045861364894,0.21593882900753128,D3
2029-06-10,1.7751321500626234,22.89136032051255,41.87076106826586,0.28348431310026484,D1
2029-06-17,1.084582615825932,20.87804533839888,77.45226211643931,0.37334796288981265,D1
2029-06-24,1.4236556186928517,34.38783848593499,72.46083525998193,0.20774734309383078,D2
2029-07-01,1.3009615554121234,25.03173182113499,44.73826212875229,0.22896235348045485,D2
2029-07-08,3.2559980642618385,26.173649832278173,74.12135908579765,0.32885169790511326,D0
2029-07-15,2.0001660711600455,28.676000849413732,67.523859477975,0.35329519380993596,D0
2029-07-22,1.6553732518541031,29.849036427621755,49.40005269926523,0.309378655202056,D1
2029-07-29,0.7211488304480912,23.64200650781585,75.29569842449425,0.37125035479822616,D2
2029-08-05,0.6610387517380822,20.15569763339565,47.954095390192535,0.26879572548592995,D2
2029-08-12,0.05440537507378218,30.23796544707365,43.62249793615666,0.378017057703719,D3
2029-08-19,2.9377496651795254,29.733637712139515,74.41383677618265,0.29668744583740203,D1
2029-08-26,2.249066211128109,32.54208744731328,64.47275914695717,0.25014683625259687,D1
2029-09-02,0.2617272805445997,29.921577422824775,42.08364628149868,0.34269729967008955,D4
2029-09-09,2.8367087214205533,29.74955909886495,76.23837084934095,0.2780787190102026,D1
2029-09-16,0.443768434944371,31.70897928026044,54.90689834985392,0.21037115341184637,D4
2029-09-23,2.023786066177069,22.996120457165667,57.00468988533977,0.38666560364795394,D0
2029-09-30,1.8084835530584753,28.41383200468528,59.81570118641925,0.2982133115006994,D1
2029-10-07,1.9100582498849543,26.206062996708056,52.49464127809611,0.27081135689830427,D1
2029-10-14,4.279483973850455,30.27099624529866,48.92883862815496,0.23355444245478002,D2
2029-10-21,1.3251015872187715,32.335172178196785,70.80600351205055,0.3679431299859641,D1
2029-10-28,3.110981376301163,28.046878172742865,72.28458747141231,0.3454233077670661,D0
2029-11-04,4.953816082272878,27.356527333653403,74.70412402464808,0.35668677677870475,None
2029-11-11,0.23645153809819297,20.953434913178597,66.89858567826063,0.24892330474778768,D3
2029-11-18,4.318180489390031,29.068515196617625,79.86911930283327,0.32654164150433806,D0
2029-11-25,1.1208059638237007,20.071502349854647,45.97853434366475,0.3222070054240389,D1
2029-12-02,3.2748248514408878,34.27132513691581,48.32457727896662,0.2577718431462214,D1
2029-12-09,0.09978314130212995,20.2309976816483,63.154563472547416,0.2513315605412629,D3
2029-12-16,2.198430242353589,23.34031508701448,49.18735650766925,0.3263073100770041,D0
2029-12-23,1.3341373462034545,31.489386550011346,56.68992858093749,0.30896278274143335,D1
2029-12-30,0.7889132486656875,27.46674860342629,66.68902159249922,0.30750861064790547,D2
2030-01-06,2.406623731145288,24.881425786919053,56.61867693849055,0.3124976454426127,D0
2030-01-13,0.7769195744156226,27.865074736052474,52.10128319464856,0.24909084556110075,D2
2030-01-20,2.5565205303496414,32.51834164205565,43.679418334179985,0.21304800147749867,D2
2030-01-27,3.3768793506141237,28.0348777136438,69.79336286609617,0.27980727664827415,D1
2030-02-03,3.290195143523848,33.116508110489825,54.21861996890071,0.2688838104042055,D1
2030-02-10,0.32799489428085304,33.583693742716335,70.73628623785615,0.3662211126001299,D3
2030-02-17,3.764580402954844,31.231612867117065,57.67690166020954,0.25041868413069823,D1
2030-02-24,1.9611784312773728,31.85668581040379,69.81470222316972,0.3045292213100726,D1
2030-03-03,3.342160660388065,31.875319587038923,52.205018410428465,0.3190235166076249,D0
2030-03-10,4.46237159964309,34.048905551344234,62.76538329028091,0.25550338954078256,D1
2030-03-17,4.22328703251108,23.42561882719189,56.614556494996975,0.3576508299025812,None
2030-03-24,4.124191623991129,22.971618762218853,69.38547893754325,0.30247187132176334,D0
2030-03-31,1.2405469563624516,20.471358071285835,69.59377964230802,0.20786648487901208,D2
2030-04-07,3.2546486026550685,30.00401507316399,45.689589672218354,0.33731153817313475,D0
2030-04-14,2.8047063461463706,34.549084406905294,55.28738847581852,0.39958499620006727,D0
2030-04-21,1.4401688495605125,27.483504443703204,59.2151289990054,0.3982593231598974,D1
2030-04-28,4.857503494005258,24.28418536160576,55.93152836458493,0.20584481160379262,D2
2030-05-05,0.9417247485948504,28.45495253869319,54.19609623485087,0.28545974483571634,D2
2030-05-12,3.489522024175052,25.186927791068904,67.43005034263405,0.21704572994733123,D2
2030-05-19,1.4080755252022248,25.800572651809677,40.26871197974671,0.2539877715736177,D1
2030-05-26,3.3166017538338792,23.75926569425047,79.54437707623177,0.3745161296495276,None
2030-06-02,1.5628811468179615,25.220609660490908,79.59830358622183,0.370327466771192,D1
2030-06-09,1.4042247430952737,26.525835802402487,70.24072243001312,0.24817145950597122,D2
2030-06-16,4.989166524678113,23.189633477229343,50.617132829141404,0.32507079572662556,D0
2030-06-23,3.7137410949869776,32.411917832464816,44.82906783842139,0.32102372712384764,D0
2030-06-30,3.5299088857268783,23.79855600668967,51.10432887589782,0.21347845105700694,D2
2030-07-07,0.7762031134966724,27.890976232948407,41.07081663742965,0.36460826907857286,D2
2030-07-14,2.7123263705929186,26.575723935453873,51.3045832517781,0.24385009287050022,D2
2030-07-21,4.164029585417755,25.5079213227319,78.82246150177818,0.3126283248875844,D0
2030-07-28,1.8730224317116044,30.912590386360556,69.1506337743209,0.22747574424398195,D2
2030-08-04,0.20379632501429823,34.73747393222655,52.18625502391795,0.3275333523078978,D4
2030-08-11,4.053911959840746,20.508111550059756,54.493675506478084,0.2582943384448937,D1
2030-08-18,3.063498629618376,27.605106962884463,52.69178771425506,0.30825422807620084,D0
2030-08-25,3.5515288859347267,28.151844932034933,57.35317458969604,0.29224022110245906,D1
2030-09-01,1.7072509101977977,30.392705717002954,65.77616546136264,0.26666313085481974,D1
2030-09-08,4.756049416967757,23.963376211073328,46.71867056115103,0.2021528029935592,D2
2030-09-15,2.3667793145944045,20.729231609353192,48.8654479199871,0.2532659025081046,D1
2030-09-22,3.8728910686771263,22.636723178878746,76.76177056873436,0.21261075675634936,D2
2030-09-29,3.1924341092430724,22.799418954970804,41.20227399985405,0.30888872539946494,D0
2030-10-06,2.9738729269279656,20.48894627488897,68.57651073182129,0.2131251431806026,D2
2030-10-13,3.5606206590273044,32.423788278022144,78.03738797151341,0.2702932725940902,D1
2030-10-20,2.569261674718571,27.357752812860113,75.60305452008615,0.38514334283861074,D0
2030-10-27,1.7346805551728721,31.708866262332705,67.74835981044617,0.39272576002928017,D1
2030-11-03,1.7279060815346092,25.375383677151177,69.16963431025292,0.304050887373237,D1
2030-11-10,4.470064246899514,27.697168580946816,60.2666241899475,0.3026957855791307,D0
2030-11-17,1.9192971728139119,32.050197193479775,53.60186146752009,0.20389315282276535,D2
2030-11-24,4.476229059776664,23.48697439487143,50.890071662798434,0.29726401047030715,D1
2030-12-01,4.156625239309069,22.78740817023538,46.46840168288578,0.3098420263792306,D0
2030-12-08,2.3104820507995507,34.30748169640775,66.41020056332937,0.2351674657699885,D2
2030-12-15,1.5361903494056834,21.844453948363295,55.68526324037852,0.32687947165826636,D1
2030-12-22,2.5507841841827723,34.087741171271276,79.56569347472504,0.2962761772261184,D1
2030-12-29,1.7795877184664688,23.49428861031071,68.20940948145562,0.2701408642808983,D1
2031-01-05,1.9489665976418635,31.358279902122646,59.52925391780076,0.3053781768908152,D1
2031-01-12,3.6050490703472216,22.314532143518193,43.277411035747015,0.23436930895423047,D2
2031-01-19,0.3506353339807572,34.42759817891152,71.53457448905903,0.23681137878057673,D3
2031-01-26,0.15787724364977107,29.800158158912893,55.265924296752935,0.3636184185519803,D3
2031-02-02,2.95711351608765,20.477782959442575,63.82703590887785,0.24368073064876414,D2
2031-02-09,1.4150278465747723,24.300136155388763,60.59375991056494,0.2468511714627909,D2
2031-02-16,2.2168239285388704,30.297264990471536,73.28577029897866,0.26539010137812974,D1
2031-02-23,2.3955259267766884,34.52310879155434,58.92358199447273,0.3841196410646581,D0
2031-03-02,4.433049411716532,20.4265673412679,43.12848811180019,0.3092243663772076,D0
2031-03-09,3.7287670676307516,32.908610636237725,44.759414680888014,0.28663014820698635,D1
2031-03-16,1.63477964665599,28.619217433634763,45.165688284758374,0.2512950922107481,D1
2031-03-23,1.4298896062084738,30.556524373399256,73.30675658425434,0.37955627602322006,D1
2031-03-30,4.572549854463613,34.15758479904562,64.59527026713027,0.312288916152591,D0
2031-04-06,3.0803152085360885,31.51992411554037,74.43981318879034,0.39069720282674986,None
2031-04-13,0.03814690392550224,28.860628114473478,77.6307853937833,0.38557844577640765,D4
2031-04-20,2.9196481797402862,20.108019908020363,72.8501882607022,0.2515938995104049,D1
2031-04-27,2.881665102190894,31.223861177837236,48.27743243572997,0.25774557276183996,D1
2031-05-04,3.6782147271881276,20.92373416359435,49.92447499864059,0.2000720345606583,D2
2031-05-11,2.7017656907554195,33.3888085200598,62.29309997067695,0.23089137430668644,D2
2031-05-18,4.85302012859136,20.74107490318359,69.57737490498405,0.39672667059780026,None
2031-05-25,3.4216483743219586,20.56160119856144,67.77387427731246,0.30101778875906915,D0
2031-06-01,3.9465181416211026,26.84396606391293,54.772691014907,0.38395259676491206,None
2031-06-08,3.8627000348821214,24.35559273067104,42.35947622583312,0.3889995412695015,None
2031-06-15,3.4484280413379103,20.93311368343829,72.07518064566398,0.22797739137601156,D2
2031-06-22,0.15077507585013694,26.674194896576637,69.20842350559948,0.30599776832694525,D4
2031-06-29,4.666365466760874,22.149888979658797,42.65526779224333,0.23977290141025537,D2
2031-07-06,2.7629046642994295,24.366912500165505,60.604848343799326,0.2572225492180643,D1
2031-07-13,3.0388970099911723,21.417575954562757,72.61312702222668,0.24948216526927233,D2
2031-07-20,2.5756108052806344,32.26007346115666,40.06456641154335,0.2130244609463696,D2
2031-07-27,1.0974154961202705,20.281079880298087,40.99516912410373,0.20586859479670136,D2
2031-08-03,2.527981095502474,34.15202154970936,61.90197560417464,0.32329803268214685,D0
2031-08-10,3.2893059871104837,34.45367791049602,73.54847095822035,0.3918724280941175,None
2031-08-17,3.710631716444354,29.632944981775605,40.69390939053275,0.3727005662457445,None
2031-08-24,1.9306086658042125,24.001603232200196,62.36012971291669,0.3831943247959052,D1
2031-08-31,2.2191837328038333,30.960098815286067,44.316927332981095,0.36873231022095343,D0
2031-09-07,3.8206412511487784,24.932189401271756,57.539117685421076,0.2671634207398352,D1
2031-09-14,1.1444721332384,20.715151333902018,79.64248927178377,0.29697045414537426,D1
2031-09-21,1.2720485199590947,30.562153697380907,75.85200622829392,0.28513901464953784,D1
2031-09-28,2.113949916941724,23.560070838512782,59.46901207264665,0.24546485629202802,D2
2031-10-05,2.1807389759315345,20.81175744947259,41.25886003030778,0.33427089549620065,D0
2031-10-12,2.380814688317651,32.04912608767159,65.33351762921473,0.3125523585512015,D0
2031-10-19,0.9457000187162778,21.433656497521934,60.17099768660735,0.3277533165821287,D2
2031-10-26,0.3539871404741335,21.177067183716986,73.94793998157994,0.2967786129618814,D4
2031-11-02,0.7676604920625341,20.541659205154808,75.15808765073544,0.3891847217401434,D2
2031-11-09,4.846680824166063,28.288418239376064,43.003805152707734,0.2835272632712039,D1
2031-11-16,2.2062821619529442,22.286992551528776,51.36672564912582,0.32676320360515937,D0
2031-11-23,0.8551266904114385,26.042685355923048,76.65342168400926,0.3692228251032646,D2
2031-11-30,4.373040354862691,31.98763753292276,41.6744365784034,0.23627633192842584,D2
2031-12-07,2.8432281469379976,32.45916989426901,71.71229341866794,0.21233153377041963,D2
2031-12-14,3.0536097036187844,31.011529597780775,58.05659745675826,0.32622980410189795,D0
2031-12-21,2.8279258012781447,34.450994352407456,68.82882306743542,0.3297356555650661,D0
2031-12-28,4.17301308948,31.744091125738777,59.47446214990112,0.23636736238257208,D2
2032-01-04,2.9486735280490444,26.867400761900527,75.34753702306361,0.38083014178049523,D0
2032-01-11,2.8262942262727413,32.5559404480745,45.29768761310378,0.3844606142468638,D0
2032-01-18,4.795254633728315,22.048015601765698,73.36939620681107,0.39798968144734487,None
2032-01-25,0.6070235007735175,31.777465523099693,64.32367297404093,0.22003308220020212,D2
2032-02-01,3.6883627280611453,25.087784089489077,74.15789821914328,0.3825722613627359,None
2032-02-08,0.5841298289215752,27.26870975703447,73.25556933481694,0.24751894743888497,D2
2032-02-15,4.8122103353959,20.94326232951425,59.06584981530304,0.29881382790689526,D1
2032-02-22,0.5733355269538537,28.169341736721925,73.2980223681678,0.24232256006765748,D2
2032-02-29,1.2243743319740774,32.150323926411474,50.467958571124484,0.37589712944234943,D1
2032-03-07,4.522180639217857,34.57948728603103,75.10424401431843,0.20735974090973738,D2
2032-03-14,0.1961450086276495,26.233058389167297,59.510609501845906,0.2521539764829952,D4
2032-03-21,2.829438866551328,23.10015497750857,60.2195325110127,0.23464983981180676,D2
2032-03-28,0.5548524769350371,28.562019314544898,77.23717700282154,0.25353845748487347,D2
2032-04-04,3.983144145447708,25.280037052366254,62.29925834022194,0.23588121836663928,D2
2032-04-11,3.559374021298207,26.808269067854624,75.41714542570057,0.3503038529010465,None
2032-04-18,0.8747023940299958,33.8434648295862,74.00043258025565,0.30318329382802467,D2
2032-04-25,3.8368854962144776,23.626202105188238,59.31369271127076,0.26911482515319357,D1
2032-05-02,4.843160659487201,29.12331347519303,40.39081323979758,0.3253798246645039,D0
2032-05-09,3.477580231773392,21.542723724240577,61.904919818506166,0.30089539464087134,D0
2032-05-16,0.008828988781876546,32.76983805532689,76.58091419240668,0.3508855486871969,D4
2032-05-23,1.971495447827389,34.81201469940606,71.36496888480261,0.25876550966119083,D1
2032-05-30,2.127299534498695,23.220382014169495,44.149104092391966,0.35440919300527385,D0
2032-06-06,1.0833182300880395,24.081208296373337,71.94788379710593,0.21939659631723896,D2
2032-06-13,0.9588082946270443,30.985147635755943,57.696754856621176,0.23895162435635472,D2
2032-06-20,4.785834645903833,29.753590918616553,61.79949813155799,0.3769271748795945,None
2032-06-27,4.409142415012608,27.98216967697482,74.13534690959716,0.3845017507617138,None
2032-07-04,2.7775196112277496,22.47272481091728,62.12953347821787,0.2809549834136762,D1
2032-07-11,4.7224085508760165,29.673230274376195,67.14020564052656,0.2727952591203132,D1
2032-07-18,2.9587167716794056,22.753782405662935,44.75716033556314,0.3093623685827332,D0
2032-07-25,2.731553669736326,30.48639059226086,59.48779193598629,0.22099040757244282,D2
2032-08-01,2.956980549799243,24.323997820688987,51.82660842909882,0.3229819131087053,D0
2032-08-08,1.5638550332743222,34.85709780475527,54.26510561727275,0.2931643912838341,D1
2032-08-15,3.4220789115753982,22.756883013385927,79.08965246059105,0.30449330452155865,D0
2032-08-22,0.9178400243458285,25.648628427604223,52.806847674555115,0.24534955516311574,D2
2032-08-29,0.9664590821208824,21.09867764058278,59.70421386148842,0.20417441960265204,D2
2032-09-05,0.7705605643021141,29.939732727367925,72.04493539515579,0.25645848053680576,D2
2032-09-12,3.068673256305332,32.95783877247739,56.9079414728677,0.3040465704297623,D0
2032-09-19,1.2663119406103767,21.80652517401312,78.91419862878462,0.28094721963071073,D1
2032-09-26,3.4774402677756178,21.628205713328637,61.9367962407547,0.37382011683886635,None
2032-10-03,2.5898499650702984,21.057986963541676,40.681923502921094,0.34397958042546084,D0
2032-10-10,4.60927999971406,28.187042306675362,45.68209211895703,0.21184705662729797,D2
2032-10-17,4.942847900249482,27.83789825546135,58.99661463418687,0.3557454827973985,None
2032-10-24,1.218850683092162,23.672787234611913,77.61062060526852,0.20822335235075448,D2
2032-10-31,4.20093550990214,29.81458835584105,69.45276149404339,0.32971067744542737,D0
2032-11-07,3.6476445708326244,20.347514150145663,66.52148034843879,0.3243298894107715,D0
2032-11-14,2.2114167486766707,20.47292870334646,63.84125685736571,0.20422658243877811,D2
2032-11-21,2.0743244836471164,29.396262426810328,77.83677712871247,0.3069126202835652,D0
2032-11-28,3.3435060301756043,34.68034558815589,69.91597767423164,0.25083656406040633,D1
2032-12-05,1.4404652375802267,33.629744027702486,74.55758710388639,0.31722091233758914,D1
2032-12-12,1.3243596254067551,21.15142185408519,43.91005227184618,0.28164566560400595,D1
2032-12-19,4.6783970751079735,30.49601999206398,67.94314945623304,0.29764676212418684,D1
2032-12-26,4.45361467537062,21.989572350545938,44.95215719579573,0.310956899544073,D0
2033-01-02,1.0695244457142077,30.67210866479483,68.50074832143676,0.27409063678986384,D1
2033-01-09,1.3448995262591463,25.778026300755815,70.8643551538713,0.2920052172879662,D1
2033-01-16,1.8964514360084954,32.61723008340227,61.88869584211789,0.3903080946901832,D1
2033-01-23,4.186861127627179,27.51624243733249,65.48762822205057,0.2130223723315309,D2
2033-01-30,0.9370409248786493,24.467732082747208,42.837081279612136,0.30889399958797,D2
2033-02-06,4.638227950549753,27.1404064274174,52.96878156926711,0.25825621923576575,D1
2033-02-13,4.630274568473329,32.043033531080496,47.8116034654695,0.24235385416904437,D2
2033-02-20,4.311068649813265,32.676365829518105,61.037675034715804,0.36814468578813286,None
2033-02-27,0.1834127589375506,27.658495935444446,72.05032504465379,0.32472924933696656,D4
2033-03-06,3.6803000973524105,34.11229615797399,75.43956356346592,0.33287327229276864,D0
2033-03-13,1.2200745281293308,33.8474301314128,47.13242403051026,0.39144071241064504,D1
2033-03-20,1.991610196295181,28.0495685773346,67.7813599229485,0.33587524947525815,D1
2033-03-27,3.8182048563002065,33.958005263642974,63.123059513576926,0.38337365756790814,None
2033-04-03,4.317200647825728,21.98468450156638,75.2345119680065,0.2903810522514814,D1
2033-04-10,3.775444990489788,27.467040035966612,73.50579358302235,0.333756911279499,D0
2033-04-17,1.322455503394463,22.449905461843592,66.07918016437945,0.36261235680728565,D1
2033-04-24,0.874295143500784,27.647841979750943,62.71303197136834,0.25127084481849143,D2
2033-05-01,3.1130676479680375,24.67037116431524,63.12705395985783,0.3004434663044112,D0
2033-05-08,3.8517365693655354,31.060815548023527,65.11577638212185,0.24054857618087797,D2
2033-05-15,1.9977168925100108,26.0452175426502,65.53313338380829,0.20614298802580888,D2
2033-05-22,1.8651415331153371,31.000139491006287,72.42020175400341,0.2321060363833533,D2
2033-05-29,0.26274980771349377,29.206554919821208,69.9431873721181,0.20761169026885876,D4
2033-06-05,1.3959721124551088,27.582558136647506,54.93715112483622,0.25499823545394434,D1
2033-06-12,0.44289489649503744,21.607771350539288,66.18520624195786,0.2987328218018156,D4
2033-06-19,1.8141761525331657,20.435130916262864,56.87241952429595,0.30930721484582113,D1
2033-06-26,4.825219729484729,26.219811208474287,63.33138516398722,0.21541840824340075,D2
2033-07-03,0.401881613555905,30.13385175748131,59.397992313788635,0.3362541349837429,D3
2033-07-10,1.7041463977546745,23.3063204070328,75.39872004485437,0.3891565916620225,D1
2033-07-17,2.96376245666686,24.97964817201904,63.52676181259838,0.3028527602801343,D0
2033-07-24,2.8851067693288663,29.696447034802226,68.09033682040346,0.3157520492674998,D0
2033-07-31,3.1174229229189647,20.988694740828954,54.09167981180529,0.33253705670338185,D0
2033-08-07,2.810616620649051,22.06550556156488,72.461619671347,0.2814695552566125,D1
2033-08-14,4.981058759007299,27.733517522783252,74.0496460085923,0.3291583706842167,D0
2033-08-21,0.8380522591919998,22.449903852091573,76.69032358971145,0.29105895456759584,D2
2033-08-28,1.109148350748193,28.041533485979585,48.31454195920068,0.21807902304563748,D2
2033-09-04,3.0274290484722215,30.05066229507788,74.23031634272078,0.25301939200420936,D1
2033-09-11,2.262540548916017,31.6651094507881,60.76114432543565,0.25078658228805034,D1
2033-09-18,2.9737901249408107,23.789412832601343,43.36087522374232,0.2069920398661297,D2
2033-09-25,4.239719591970706,28.646786603169158,53.0192635792141,0.35550945798335376,None
2033-10-02,0.9767776363805608,30.322687418582262,76.77483163124155,0.38223203521222304,D2
2033-10-09,0.08719586072396257,24.08437797616165,64.25696945011606,0.22328785973073934,D4
2033-10-16,3.432627418126033,29.730840058009314,50.640579178232564,0.21723851651935572,D2
2033-10-23,0.07531160732599573,26.917846178458152,56.60321917704599,0.31391892133721927,D3
2033-10-30,4.924860900281539,20.997396978104593,79.40957907567582,0.26873117965389937,D1
2033-11-06,2.051051592085157,31.633186912872723,75.88975838337338,0.2392427311653844,D2
2033-11-13,3.2926376350716406,28.91792788303016,41.807487550438324,0.35429867615274013,None
2033-11-20,1.9728971416650454,34.19618391846864,58.89371806314081,0.3603735824417221,D1
2033-11-27,3.4135200406421795,32.24164988181685,54.42066465340963,0.34385397049388544,D0
2033-12-04,2.804215582187217,32.911515533248476,55.21146751845697,0.3364568600682275,D0
2033-12-11,3.337562508064096,33.651315570730745,64.75236176975292,0.2581919003720953,D1
2033-12-18,1.9901590397606073,32.17421990795661,47.75617343741069,0.3487855986578988,D1
2033-12-25,2.984376869270932,30.003176539000485,44.56161829772665,0.3084063634393458,D0
2034-01-01,1.9533756150264014,26.711318133382697,70.85484098878261,0.3162277564845072,D1
2034-01-08,3.620383200253347,32.99099055958913,78.09590948136574,0.22170729931501337,D2
2034-01-15,0.7289383268551031,22.47225077569235,60.91103483037655,0.3256923408944593,D2
2034-01-22,0.5545328495675828,20.867037073303585,41.86781575697499,0.21397087801600992,D2
2034-01-29,1.4303118550164369,30.773907123439006,50.343332353438846,0.3922512617988127,D1
2034-02-05,1.0277773679841107,32.405802406022616,64.12735618699422,0.3476352750654653,D1
2034-02-12,0.27949571597559175,31.4796604103969,56.40979862235503,0.30119696188013767,D3
2034-02-19,0.8141491147860996,23.641730549902075,49.813706723644856,0.3615663666775555,D2
2034-02-26,3.898299826443707,31.688200948018412,50.658892814876026,0.3056358485724256,D0
2034-03-05,4.716711876140077,20.515297600915382,55.84165202565866,0.23765426650360272,D2
2034-03-12,4.707112151779632,23.828855626083904,72.89690009994891,0.2596154090182416,D1
2034-03-19,3.7033437012745396,28.974751160326434,45.50314896215233,0.23371435893768266,D2
2034-03-26,2.8541249847411754,25.423301272654637,72.46949255918918,0.2819222299908143,D1
2034-04-02,2.109157267953678,33.362415327300035,56.26032690661045,0.3653575238813778,D0
2034-04-09,4.936628100945785,30.872699188387077,41.087880613854125,0.3094525252278566,D0
2034-04-16,0.33603960922813425,27.321639788465625,66.3493847625642,0.2964302704542058,D3
2034-04-23,1.3055934042019501,25.357527218536706,45.518633235673384,0.21119915417223617,D2
2034-04-30,0.35748768410493625,30.63856838547523,75.94647560403703,0.34085961643076257,D3
2034-05-07,0.08582139644696618,22.18411994042401,57.20798007180028,0.34025586846397116,D4
2034-05-14,1.6651523292076886,28.849568498724217,72.71043040638911,0.29115135314084556,D1
2034-05-21,3.964620694479809,27.18777367256341,57.42439871841389,0.22555631386362773,D2
2034-05-28,1.4759182068623518,26.308901657954323,66.68233315089853,0.3552032921349016,D1
2034-06-04,3.5893562304323856,25.274671214994445,74.94626143077457,0.38490158173809386,None
2034-06-11,0.4064312249501689,23.211298169329,78.01381179968044,0.28156613804412517,D4
2034-06-18,3.779614837604255,27.54284676872269,79.35447046760363,0.29472141879269037,D1
2034-06-25,0.9843484624581939,30.595720452380135,70.41319986493603,0.21583888937442752,D2
2034-07-02,1.4065501137134562,26.99034477426752,51.42131077241187,0.251286208641302,D1
2034-07-09,3.9310504735009975,29.591219653332473,61.41216376490942,0.23078017876740237,D2
2034-07-16,2.1713082682959706,25.710750552994348,72.6449643214604,0.2764151896922575,D1
2034-07-23,4.535904878775564,22.494696394049033,75.12485349331061,0.2937057125918042,D1
2034-07-30,2.2385423676282734,34.55567110243888,51.99181987608016,0.35150853297952706,D0
2034-08-06,2.3154555161520696,30.56509862937387,50.605243245889355,0.39574944176063437,D0
2034-08-13,2.964339709822208,31.19954661078724,75.36426181860466,0.33113275133780395,D0
2034-08-20,4.228676040547709,31.184055397797202,55.870444050434486,0.2895000358983806,D1
2034-08-27,2.795486413255381,26.189427925221807,72.92189498018232,0.3740785303542611,D0
2034-09-03,3.7710045106235546,21.851638041400417,49.846454582591605,0.29354668674897605,D1
2034-09-10,2.382315874103824,32.86918836477054,57.628765061431466,0.3661337903929611,D0
2034-09-17,4.2373251548482695,25.127867563532742,56.69935426688326,0.367662189419514,None
2034-09-24,1.4220439528698021,21.092890330495862,74.26427852078416,0.3204120476088927,D1
2034-10-01,1.283679828240793,20.23882277390915,76.26279789563822,0.32124893990616593,D1
2034-10-08,4.809149111915342,29.75007056060161,51.73688458130348,0.2108303202895589,D2
2034-10-15,1.3985374519814435,21.015503783725016,74.72477670621318,0.23905970538217236,D2
2034-10-22,1.7237330045523143,25.155326931925543,78.59585662268407,0.22339842356364795,D2
2034-10-29,3.9587487909755854,23.95702597420408,59.51887345585771,0.33392438404666114,D0
2034-11-05,2.6358024855504274,28.11458738619755,78.04944923336944,0.23064110957495365,D2
2034-11-12,1.4438892231127864,34.376948922070255,47.059581880353576,0.2955485836571376,D1
2034-11-19,4.410548665816018,33.8641012452444,47.61980558457096,0.33250412001822716,D0
2034-11-26,1.179688597102978,29.17422764524716,54.95089565821012,0.30594712368476595,D1
2034-12-03,3.163583291133617,32.67321149879338,45.87482532358847,0.2501025562052019,D1
2034-12-10,0.27578283440477025,22.69719182470572,77.60592838546945,0.2107700241769173,D4
2034-12-17,2.1849600660394946,21.181535538594343,57.76603552517565,0.3877876136650638,D0
2034-12-24,2.3309396575758132,31.878692645302458,61.79636246852093,0.23760795369072046,D2
2034-12-31,0.15866233619522052,30.614016575936056,46.54403394062475,0.3716675094327389,D3
2035-01-07,0.7447686528490577,23.92589214891297,45.16591831009501,0.2906947773648336,D2
2035-01-14,4.581923906318147,22.870198258971236,78.8191941291127,0.20778882026386547,D2
2035-01-21,2.962500927061105,23.319231329391,62.54208934264945,0.39400015974258007,D0
2035-01-28,0.31778882621031956,30.614245931008497,53.07697903242254,0.321120598146608,D4
2035-02-04,0.4780990282698039,34.34859080479237,60.43068585519364,0.24108044358986264,D4
2035-02-11,2.134167380082841,27.014529498547,64.38496991953996,0.30517944366232513,D0
2035-02-18,2.1192689698394993,21.95429758786696,61.582653193766,0.2509722669140806,D1
2035-02-25,1.3137787746138034,24.460135722754686,75.04141348769869,0.27454675066097056,D1
2035-03-04,3.267703302124793,21.15980483561122,47.949812068188265,0.30944306847238534,D0
2035-03-11,3.689924896197793,28.136475355418057,63.97048666447514,0.35099158048922324,None
2035-03-18,4.943549843613165,30.667652439112416,55.667500794525736,0.34619634014888423,D0
2035-03-25,2.736963791001092,24.300631646992482,73.29859928574508,0.27934273355941647,D1
2035-04-01,3.3870717477286805,25.103112313236895,65.62447540208713,0.33010648101772366,D0
2035-04-08,1.8570615691815262,25.731547172545206,65.4606990379005,0.25686970263724296,D1
2035-04-15,4.498176933943588,30.797123366415995,43.18002900458835,0.3394521977759207,D0
2035-04-22,4.707256251563688,34.973266989607694,52.4508041594831,0.2480723008840357,D2
2035-04-29,0.23968779197557355,30.046147610654064,42.92990729998631,0.24641855773583504,D3
2035-05-06,1.4222405540018046,31.289427949245418,77.81785247209712,0.23745766146030645,D2
2035-05-13,4.183260175691932,21.56342194863639,66.20681367792207,0.25964620029898444,D1
2035-05-20,4.7974802632192945,33.89541879233562,61.85573696599252,0.2850825741921218,D1
2035-05-27,2.561303877766229,22.626657494127233,64.01176300787769,0.3808259486081317,D0
2035-06-03,3.0948955844412858,34.3418591557757,73.0286737112957,0.20160342339317247,D2
2035-06-10,3.640774136301773,30.57289006821328,52.491135611939114,0.36183687862337555,None
2035-06-17,0.377716143817986,30.181391164652396,67.49954772085201,0.25980973694170806,D4
2035-06-24,4.512405653120315,31.628455711220383,41.917980684473534,0.23300928819888445,D2
2035-07-01,4.9214412170754525,29.23159328962382,79.76869595680233,0.268808479236734,D1
2035-07-08,0.9561281869739491,26.376923269255613,60.727959840770374,0.2782563984353601,D2
2035-07-15,3.566198626401345,26.85564599062698,75.11599041608068,0.35029950098172485,None
2035-07-22,1.1012774514844974,25.255188626687485,69.24969527556215,0.20581864576296072,D2
2035-07-29,0.006091326859702928,20.65833567990703,60.44213169300137,0.3945637961039947,D4
2035-08-05,4.586582116209486,34.46061169000173,72.34455600605135,0.3365445720917175,D0
2035-08-12,1.5277811267288133,29.354715282283863,47.835457046008614,0.32539680178924063,D1
2035-08-19,0.1447982891717764,22.216860590525734,78.05473213730517,0.366513862544214,D3
2035-08-26,3.4246157317076187,23.935158771109176,65.19675696732104,0.3191567697283827,D0
2035-09-02,3.6475706914632338,23.53682800601791,67.59316253358378,0.20691440873412992,D2
2035-09-09,4.833537062757129,26.13982337625701,65.58551773867008,0.24214534561061712,D2
2035-09-16,3.8900882781430592,22.898428630735868,75.20445641715064,0.2476396581388294,D2
2035-09-23,2.3518642316161404,32.98528962737663,66.68336398502906,0.3579047155653883,D0
2035-09-30,2.5350815171514762,23.721075117371168,45.273559021167294,0.35445770038365465,D0
2035-10-07,4.460399678459311,27.45321862124244,55.0902221327573,0.3300412996722649,D0
2035-10-14,4.447614515668419,28.44546729022651,61.71209594122686,0.28005628724329223,D1
2035-10-21,2.5108540222331692,34.31122234280525,68.52593366409442,0.20455546560178314,D2
2035-10-28,4.827148853789066,34.36097418573566,79.30169676602134,0.2630354214479245,D1
2035-11-04,2.026840059636656,34.026435142566726,65.66358417937141,0.39535132906162357,D0
2035-11-11,0.6438652857723315,20.40191713695278,74.95801549059027,0.2578747629545813,D2
2035-11-18,4.4275796336190325,23.90497771827732,59.20868954467211,0.32719654915514984,D0
2035-11-25,2.67065303342143,21.025720285764955,54.15954126037001,0.3216802292666929,D0
2035-12-02,3.5701384453040137,33.65729625605224,75.68277361986661,0.34984636041532036,D0
2035-12-09,1.8000375011115914,26.614875833769172,72.84176165620335,0.2541780271990703,D1
2035-12-16,0.6396189526278334,24.835977552871594,67.93183592337051,0.20364877141687476,D2
2035-12-23,3.5235796404790802,34.498977581732234,55.717900719453446,0.3007417243442402,D0
2035-12-30,3.278111639171106,27.013430236878904,41.37343091818601,0.25370514840802694,D1
2036-01-06,4.934808086399775,21.31767287764003,77.23431528075707,0.23477539761157923,D2
2036-01-13,4.977835743890481,31.89248415707152,52.03160411553502,0.31531497125441166,D0
2036-01-20,1.1209279489135842,26.351652316488952,61.313230077807525,0.39407143730097494,D1
2036-01-27,2.4563059505640252,31.766667937196303,72.51602101451026,0.24755100747807812,D2
2036-02-03,0.8231736967999193,29.736387631474912,75.6494320253933,0.2098353784095457,D2
2036-02-10,2.539547968592405,22.339346077519775,63.992877905174154,0.3752710165189636,D0
2036-02-17,3.93497945662109,28.573335861574925,46.15592320569307,0.2118823548597042,D2
2036-02-24,2.5690306222832993,33.56096062623867,66.78835035258619,0.2772218644694202,D1
2036-03-02,0.5193907066389686,28.729750421899595,65.61265994033886,0.38832989691839165,D2
2036-03-09,3.5507889430218786,34.158305288630146,52.128597626656216,0.2826765576680311,D1
2036-03-16,4.015372474836386,34.86493500870101,47.26216075224254,0.2228027469449948,D2
2036-03-23,3.3377707764819267,34.165717174478445,44.58137604682845,0.2485374297530294,D2
2036-03-30,4.474706872107311,22.183060633322633,61.28695761196665,0.21984867894004112,D2
2036-04-06,2.4506046353804463,27.341786262634987,42.02045000183655,0.22676944010236239,D2
2036-04-13,4.242230428333747,22.982221333770323,47.29707091227784,0.27906601154742905,D1
2036-04-20,4.716256460852645,26.527810242890464,41.0490605909238,0.36204734104690084,None
2036-04-27,3.561158359367555,23.20248109431984,59.9404962657378,0.3343682942852202,D0
2036-05-04,2.7770199305964116,32.733091749516745,40.2412916752277,0.35350265150888577,D0
2036-05-11,3.043410853650421,22.613815428414732,74.27381345136564,0.3355656141726708,D0
2036-05-18,4.706317528339205,26.21908609819217,60.03970509501774,0.33013973230885363,D0
2036-05-25,0.05021825621863041,24.25627439063613,64.6132098957506,0.35396854440349046,D3
2036-06-01,2.440583970024815,26.182265861191166,60.55980226667839,0.3411869706910503,D0
2036-06-08,3.116431264041962,29.286014233450896,72.16074318758109,0.3189959644792922,D0
2036-06-15,1.4259323118379137,25.35126356922818,51.81537695182531,0.25681316196668835,D1
2036-06-22,3.7011780428784053,31.000428064495154,43.738049127024844,0.2276706920827145,D2
2036-06-29,0.439993143056322,24.616024852710243,62.944520998704874,0.2972098332475628,D3
2036-07-06,3.614689066072245,27.931901542456732,43.181621451580924,0.21451748704496815,D2
2036-07-13,2.2249496767847505,24.91268848365444,40.91795585041632,0.29573469366507754,D1
2036-07-20,1.3326217475061786,22.533603392467803,59.54456957546381,0.3045056841743523,D1
2036-07-27,0.5679578829149967,31.713531686445833,77.89845814395929,0.26948435588320285,D2
2036-08-03,2.6903654332105287,29.741866959225522,74.8773343826692,0.24170268756349683,D2
2036-08-10,2.050926468231556,27.846533189839164,52.575246832589826,0.38283201292728086,D0
2036-08-17,0.5342337212382975,24.333951465539617,44.56855424983339,0.2942878901360745,D2
2036-08-24,2.612609631756137,28.458850807104852,46.09388145528561,0.24153798438406507,D2
2036-08-31,0.3152986485381415,29.956133304840925,47.99606660624709,0.25731500157856635,D3
2036-09-07,1.596211645031208,31.38425461937199,71.00474115815672,0.30084102503528787,D1
2036-09-14,3.5532903110775385,34.44792339519475,76.25154250760716,0.3272828509623197,D0
2036-09-21,2.148618501873364,23.577886231194295,59.92996563832299,0.3947159340215635,D0
2036-09-28,0.0057190975243942566,27.283032489797797,71.36704070535556,0.34153440835298,D4
2036-10-05,0.6926987983374988,21.870695642222433,50.799884531028475,0.3340811341288422,D2
2036-10-12,1.607685639220739,32.278566886542656,50.54067130087762,0.36672115461269084,D1
2036-10-19,3.1813501210518695,27.76270881562401,65.74707107079456,0.3061553490699955,D0
2036-10-26,1.9083156376846633,30.3891760974497,41.73590010130063,0.383183641475301,D1
2036-11-02,2.244785786613888,34.67270056164379,64.75845411557833,0.29780250618931325,D1
2036-11-09,1.60542579204753,31.167906334930905,65.75217551436258,0.30499377188519894,D1
2036-11-16,3.7918056257778576,30.877072420712885,51.94137760195724,0.3829002527377544,None
2036-11-23,1.396246016228213,21.757012142934187,59.50302837528523,0.3155247599581085,D1
2036-11-30,4.3619420305959515,32.49291500834273,51.32928411489985,0.3292243214420848,D0
2036-12-07,4.204144997746142,25.761273223138225,55.63494880502752,0.2859767121948221,D1
2036-12-14,0.08258718569208956,20.888323659021456,54.2048315645839,0.26880817031028886,D4
2036-12-21,3.3558726006446054,28.814477047720562,67.68512649013017,0.36189479846299544,None
2036-12-28,3.07904194818283,20.74348438785277,71.29205138570663,0.27965883699288563,D1
2037-01-04,0.3160426352877621,29.949056132746303,69.71055721006597,0.30578849194430163,D3
2037-01-11,2.788743138764721,28.976176594915337,71.336032840666,0.31793001246426433,D0
2037-01-18,2.575140544150276,26.50059272394384,65.42627624109619,0.3418484134528078,D0
2037-01-25,1.2487570382941704,29.678735501287743,69.65940887736883,0.35906746127751105,D1
2037-02-01,0.4912430568261561,32.488092074689135,50.856418925850356,0.3202835490582481,D3
2037-02-08,4.674252967978054,29.453828372914238,41.547688298492005,0.30330651381445495,D0
2037-02-15,4.167720272752567,20.360304139764423,45.63824379626958,0.31207464258656703,D0
2037-02-22,2.9221487715288545,21.008415952468113,55.51807331040403,0.2959790877147441,D1
2037-03-01,0.9060902475141824,26.8695248659063,49.88418453172903,0.31008376119977554,D2
2037-03-08,3.0821753123123834,34.90659764894437,57.23659813543537,0.27948194960449846,D1
2037-03-15,1.989917298851115,20.64182847620494,49.46888211407196,0.24811691053156143,D2
2037-03-22,0.869319960123836,25.358889773042165,60.93230601257122,0.21990446147752662,D2
2037-03-29,0.7724921191987599,33.78989423249484,60.5364010660614,0.20665455136369548,D2
2037-04-05,2.8894216681826634,32.8544263577253,56.50455871466505,0.3441574073051582,D0
2037-04-12,1.6247217816574122,23.863261140835004,66.23159971257755,0.3227006289302746,D1
2037-04-19,4.991889843313161,25.48931984029924,60.61021017077864,0.3497463955159596,D0
2037-04-26,2.7264735346334885,32.31280567687508,50.98480913945151,0.28405602031193605,D1
2037-05-03,1.5304200789755869,27.353553162372418,49.50384776331419,0.2263555455110789,D2
2037-05-10,3.3946976327178904,28.633589372980307,64.7202679444274,0.33450292961695505,D0
2037-05-17,4.8256387382744235,27.763090202288534,57.95906023546365,0.20173740903461712,D2
2037-05-24,1.6846668621512617,25.57601755005139,44.4287311358775,0.2734982468805069,D1
2037-05-31,4.212220283974563,21.782601411110914,56.08452161339848,0.24134710727408124,D2
2037-06-07,2.53189697118837,23.55067003642951,46.074377942488404,0.262445336249667,D1
2037-06-14,4.167675369460757,31.34792085192882,70.66634695031165,0.33839871715538294,D0
2037-06-21,1.658137335899189,33.251827893139236,73.37976383768142,0.298783338760438,D1
2037-06-28,4.7363586175817165,22.473887095231944,48.11202763923072,0.22562119253193724,D2
2037-07-05,3.6014601610410657,26.26088655406216,44.40496085070016,0.22481111834160566,D2
2037-07-12,3.226549834756374,27.14435613006599,76.72725055032235,0.24912210238252333,D2
2037-07-19,0.44067624634399005,30.107833550625248,57.30324397821224,0.30057121988619107,D4
2037-07-26,2.13061172128852,29.737968011462286,77.76619040937675,0.20853951101886037,D2
2037-08-02,1.9045464997598693,22.147843987762148,59.64159788979015,0.39877078011211853,D1
2037-08-09,4.41059188647013,24.686293747372687,77.62410854211915,0.28088926419753685,D1
2037-08-16,3.763839916701653,31.871806669642154,41.274313257945245,0.399437427469839,None
2037-08-23,4.46820318297464,25.227593991001097,55.15867307419652,0.22114758565426687,D2
2037-08-30,1.34583513230538,32.15731007695255,71.76175353737094,0.22340820988671414,D2
2037-09-06,2.656175030923734,34.643668699861095,52.914698062484675,0.3139049924071353,D0
2037-09-13,4.382865760017837,24.241692225960755,78.79914699998547,0.23890529798408755,D2
2037-09-20,1.0077649321402693,25.64526086926078,75.54354928826382,0.34942245198339905,D1
2037-09-27,0.6953739741237769,26.88523573732686,53.585413616911346,0.30583965597234036,D2
2037-10-04,3.0155386803104447,21.565255886882692,53.56537231617492,0.39126056917205093,None
2037-10-11,0.32685025373353327,26.702429662922718,56.69346656924264,0.3758455764915657,D3
2037-10-18,4.472055939236942,29.55668757251447,65.83211648477334,0.35781832469216107,None
2037-10-25,4.2622706385918185,22.74841648216325,71.63836611957927,0.2456883254487922,D2
2037-11-01,4.723337053901185,20.89979315206612,54.18156583891678,0.23741749603010323,D2
2037-11-08,3.253461183035873,29.049873419434476,54.62131642555384,0.20135952738546936,D2
2037-11-15,0.8188525291334731,22.560521035116835,48.83363846836694,0.2894656153275036,D2
2037-11-22,1.0428304671149475,28.20244944145845,43.75293183160933,0.3168837703234461,D1
2037-11-29,0.456993659465757,31.774021632897657,67.57556955585358,0.2115787414601621,D4
2037-12-06,3.8276488076949917,24.8603417847549,52.27751876625325,0.2236532597384936,D2
2037-12-13,1.7937825576972544,24.400759265453527,77.50157679755712,0.3852963369741812,D1
2037-12-20,0.3411895931352027,27.08478341666276,57.963611026712506,0.34826187040695444,D3
2037-12-27,0.7685671499662899,22.959839864397185,64.93763703885477,0.20523504399615702,D2
2038-01-03,4.688935178418567,24.66044402286093,72.38519748026587,0.23995489971936457,D2
2038-01-10,0.5379326245218696,25.77608206112215,57.92320351826339,0.24686667021870984,D2
2038-01-17,2.2899151708655867,23.708502018937835,42.79011562542883,0.38531257147885584,D0
2038-01-24,4.927608674240403,30.38791129387121,76.01545862956955,0.2395550817769673,D2
2038-01-31,0.8569963717920565,20.258804497628688,60.92655650011373,0.32418358270037306,D2
2038-02-07,0.4298874415737758,21.59292412982459,77.85901281313735,0.20696012220884907,D3
2038-02-14,3.6575427327489702,29.09750178379641,52.017664938652246,0.20991088603576968,D2
2038-02-21,1.790821037811,33.69948027280021,48.85089325714844,0.3647244107973476,D1
2038-02-28,2.780620111599197,31.334910557825324,42.910550572681764,0.20687769855397078,D2
2038-03-07,0.17651917338082967,29.987904624155973,67.00373816996738,0.3228570586840318,D3
2038-03-14,1.474281586911807,28.827775250021773,40.2369393313552,0.34612903054133204,D1
2038-03-21,2.1823786179275824,20.421945611695858,63.55564447402534,0.316120801796388,D0
2038-03-28,2.3487284991183444,34.08722834540726,55.61728799558262,0.37048276900802457,D0
2038-04-04,0.5219143230291662,34.198795695851985,51.99489630458375,0.38124808426974227,D2
2038-04-11,2.328058803042305,28.557150556632898,76.76000088150664,0.21908322931195565,D2
2038-04-18,0.7480247752893238,22.0384750741909,48.03846493030435,0.3656178062628131,D2
2038-04-25,4.0842651503779575,31.227903580350414,47.576112050353636,0.3033458555341938,D0
2038-05-02,1.8350999657983003,28.820085847993305,79.31817473937949,0.39027019629600934,D1
2038-05-09,4.3000200114620455,33.75580079689606,66.55422437677333,0.2486152518346559,D2
2038-05-16,4.604000242215839,27.597701451521306,68.74337460484867,0.26057143764138485,D1
2038-05-23,2.2695039746821255,28.720569862653058,41.06745963782729,0.2407681863153892,D2
2038-05-30,2.020955775171652,30.993829634547012,78.23740717778774,0.3812357348386833,D0
2038-06-06,4.365952938688492,28.551556062762714,57.278707641281926,0.24944243821280165,D2
2038-06-13,2.2619969846698607,30.4670976376215,73.26025347743393,0.3174581303095216,D0
2038-06-20,3.590457444025149,34.95947229256181,57.04489112061894,0.24905577351606434,D2
2038-06-27,3.6011090098511627,32.23678291049445,52.817894557888046,0.3942963085324748,None
2038-07-04,4.6313983476486085,24.080622058758333,66.70515541992054,0.34022716969542033,D0
2038-07-11,0.6121323158063563,21.318843049750832,51.20015625111501,0.3804272829954864,D2
2038-07-18,4.8771411682935275,23.982097279171523,48.289437050784116,0.31196930405856077,D0
2038-07-25,3.8270466991548573,21.99431170432147,58.3940193785372,0.23345005496449486,D2
2038-08-01,1.4775451792887584,30.75158283226211,59.95866591469589,0.27360100989124164,D1
2038-08-08,4.376508258945379,24.813520718332,78.6360767688034,0.3598547155964139,None
2038-08-15,4.913067756925865,28.60691668595299,79.36182429518941,0.2301422140461802,D2
2038-08-22,2.4566852618424004,33.370414565465985,63.94230036692066,0.22770121197634016,D2
2038-08-29,0.25514775599817796,27.59062263654995,43.31245898076355,0.2700729003187865,D3
2038-09-05,3.4155577183810504,23.248265113895403,76.69964742980872,0.38256726165496246,None
2038-09-12,2.230138551196699,33.91385493426969,62.14966091202984,0.3354768460649348,D0
2038-09-19,2.3280746734670204,30.255550205054202,68.41257603605135,0.233789988063611,D2
2038-09-26,4.531053830208688,24.09467577785541,42.926230031373976,0.28065343800616466,D1
2038-10-03,1.663688333624912,27.7806284484718,65.36722313853952,0.22037526104257343,D2
2038-10-10,3.2940966226172637,21.166481804344514,61.08310130134818,0.2668278596298487,D1
2038-10-17,2.58718379552798,31.18957684567706,49.03493354557974,0.34594428668767474,D0
2038-10-24,1.7205471372676557,30.042581877087994,58.65236096623965,0.3625158044545793,D1
2038-10-31,3.032489487220805,32.60115527813825,59.350614932370085,0.2220632113461606,D2
2038-11-07,3.8564266717111457,25.290658973621948,45.634189948123684,0.3024859808184589,D0
2038-11-14,1.4798480412262887,25.83872653287991,56.95855254225526,0.31430248062036364,D1
2038-11-21,2.91210952693413,34.60069286406866,55.55067549401156,0.35418236436115613,D0
2038-11-28,4.152481446142704,33.5379091547871,43.80018796629416,0.35922124450439363,None
2038-12-05,3.481510053434702,23.70797532139583,68.973165197873,0.2287987996085642,D2
2038-12-12,4.667807139236256,21.080711966534402,44.14280969819615,0.39213133928155836,None
2038-12-19,3.7269812795421755,28.993556154509307,52.62133056907514,0.3453461649563667,D0
2038-12-26,4.796353489547524,34.47314672670786,46.00814950579928,0.36778482175726923,None
2039-01-02,1.9555186618395692,24.994246216515926,66.27953861130263,0.20144553684231067,D2
2039-01-09,3.622292709158559,26.228140365366322,69.79096247990636,0.2937874634054525,D1
2039-01-16,1.3108145568884777,20.41887056467226,42.62277789653097,0.3910077600457442,D1
2039-01-23,4.754113806390196,24.04017126590601,74.95814082814638,0.2022094816059256,D2
2039-01-30,3.366142017823535,33.5980896886224,41.15445642492334,0.3763814655410008,None
2039-02-06,2.827695257313603,28.102655715812325,40.50370168045405,0.3857433323935704,D0
2039-02-13,0.16590800032201647,27.999186043082585,74.14867323045272,0.39819118349327226,D4
2039-02-20,1.8924201900154265,21.00445173217757,44.86421337550177,0.2605156516264257,D1
2039-02-27,2.6059343913477395,28.095440665348104,68.82833010078649,0.33931151562311823,D0
